ts_code,name,invest_type,category,return_3m,return_6m,return_1y,volatility,max_drawdown,sharpe,data_points,rank_6m,percentile_6m,rank_1y,percentile_1y,quality_score,scale_status,pass_performance,pass_quality,veto,is_core,is_watch,is_backup,fund_scale,high_quality
026472.OF,益民创新优势C,混合型,混合型-偏股,-5.44,-7.54,1.95,15.17,8.0,0.0,46,4622.0,11.441165197393632,3086.0,40.96823574435516,52.4,watch,True,False,False,False,False,True,2.2372234335227894,False
026273.OF,平安数字经济精选A,混合型,混合型-偏股,-3.8,-13.92,-12.9,31.48,20.99,-0.47,42,5144.0,1.4373323112303549,5211.0,0.3061615001913487,36.8,watch,True,False,False,False,False,True,2.2040623415796867,False
026274.OF,平安数字经济精选C,混合型,混合型-偏股,-3.81,-13.96,-12.96,31.49,21.03,-0.48,42,5146.0,1.3990034495975467,5212.0,0.2870264064293915,36.7,watch,True,False,False,False,False,True,3.0612021769413413,False
024590.OF,中欧港股通机遇A,混合型,混合型-偏股,-8.71,-6.93,-4.04,18.27,10.74,-0.33,41,4517.0,13.453430433116132,4868.0,6.869498660543439,52.2,watch,True,False,False,False,False,True,3.4237857566600005,False
024591.OF,中欧港股通机遇C,混合型,混合型-偏股,-8.72,-6.95,-4.11,18.27,10.75,-0.33,41,4520.0,13.395937140666923,4875.0,6.735553004209716,52.1,watch,True,False,False,False,False,True,2.8150713849224833,False
026324.OF,广发消费智选C,混合型,混合型-偏股,-7.52,-8.04,-4.48,14.17,9.83,-0.46,50,4695.0,10.042161747796088,4901.0,6.238040566398773,51.3,watch,True,False,False,False,False,True,2.066329017815994,False
025702.OF,惠升均衡回报A,混合型,混合型-偏股,-2.83,-6.02,1.11,17.87,6.99,-0.05,49,4363.0,16.404752778842468,3615.0,30.84577114427861,59.9,watch,True,False,False,False,False,True,4.617288723903635,False
025871.OF,圆信永丰沪港深消费精选C,混合型,混合型-偏股,-6.29,-6.97,-6.6,6.52,8.42,-1.32,83,4526.0,13.28095055576849,5053.0,3.329506314580944,43.8,watch,True,False,False,False,False,True,4.651860638763061,False
025870.OF,圆信永丰沪港深消费精选A,混合型,混合型-偏股,-6.28,-6.96,-6.58,6.51,8.41,-1.32,83,4523.0,13.338443848217707,5052.0,3.3486414083429006,43.8,watch,True,False,False,False,False,True,117.1462414781317,False
025222.OF,创金合信弘科A,混合型,混合型-偏股,-3.25,-6.53,9.11,26.78,7.64,0.27,39,4452.0,14.699118436182443,1016.0,80.57787983161117,65.1,watch,True,False,False,False,False,True,1.2183220480949266,False
026227.OF,恒越优势精选C,混合型,混合型-偏股,1.73,-4.73,-0.35,25.45,9.88,-0.09,88,4059.0,22.23073974702952,4331.0,17.145044010715647,53.9,watch,True,False,False,False,False,True,234.13328213529658,False
025584.OF,光大阳光智造A,混合型,混合型-偏股,-2.21,-3.36,-0.81,11.61,5.49,-0.24,86,3682.0,29.45573016481411,4453.0,14.810562571756602,54.8,watch,True,False,False,False,False,True,4.090777518238277,False
025585.OF,光大阳光智造C,混合型,混合型-偏股,-2.23,-3.4,-0.88,11.61,5.51,-0.25,86,3700.0,29.110770410118825,4471.0,14.466130884041329,54.7,watch,True,False,False,False,False,True,168.7716724723357,False
025846.OF,华安消费智选C,混合型,混合型-偏股,-6.48,-5.92,-2.57,14.3,9.72,-0.32,65,4349.0,16.673054810272138,4712.0,9.854573287409108,53.3,watch,True,False,False,False,False,True,2.781423425652679,False
024818.OF,中欧医药生物A,混合型,混合型-偏股,-7.63,-9.17,-8.11,29.43,14.25,-0.34,32,4855.0,6.975852817171335,5123.0,1.9900497512437831,44.0,watch,True,False,False,False,False,True,1.7700718137919997,False
025589.OF,光大阳光香港精选C,混合型,混合型-偏股,-7.66,-7.09,-4.15,15.23,10.91,-0.4,87,4560.0,12.629359908010729,4878.0,6.678147722923844,51.3,watch,True,False,False,False,False,True,2.761182822901914,False
025588.OF,光大阳光香港精选美元A,混合型,混合型-偏股,-6.94,-5.58,-1.9,15.29,9.78,-0.25,87,4274.0,18.11038712150249,4626.0,11.500191350937616,54.2,watch,True,False,False,False,False,True,2.4979042100201756,False
025940.OF,浦银安盛港股通消费A,混合型,混合型-偏股,-8.97,-8.55,-7.7,14.89,11.35,-0.65,41,4771.0,8.585665005749332,5102.0,2.391886720244929,47.8,watch,True,False,False,False,False,True,114.31175551056045,False
026137.OF,山证资管策略精选C,灵活配置型,混合型-平衡,2.33,7.75,-1.63,36.6,10.17,-0.1,99,19.0,96.19450317124736,417.0,12.050739957716704,49.4,watch,True,False,False,False,False,True,4.55024563844899,False
025667.OF,银华鑫禾C,混合型,混合型-偏股,-4.66,-4.11,-4.3,13.8,8.4,-0.46,32,3923.0,24.83710233806056,4885.0,6.544202066590121,51.4,watch,True,False,False,False,False,True,4.576926294278815,False
024841.OF,信澳高端装备A,混合型,混合型-偏股,0.12,-5.71,9.61,25.14,8.02,0.3,79,4310.0,17.420467612111924,947.0,81.89820130118638,66.7,watch,True,False,False,False,False,True,2.332164388388085,False
025884.OF,东方城镇消费主题C,混合型,混合型-偏股,-14.12,-17.85,-14.68,20.24,23.5,-0.82,123,5198.0,0.402453047144502,5219.0,0.1530807500956799,36.6,watch,True,False,False,False,False,True,1240.5099062431045,False
025855.OF,中信保诚消费机遇C,混合型,混合型-偏股,-7.68,-5.71,-2.43,10.05,9.15,-0.44,118,4303.0,17.554618627826756,4696.0,10.160734787600456,52.1,watch,True,False,False,False,False,True,159.6099309680393,False
025860.OF,万家泓裕成长驱动A,混合型,混合型-偏股,-1.72,-6.58,10.26,28.23,10.04,0.29,117,4461.0,14.526638558834804,847.0,83.81171067738232,64.3,watch,True,False,False,False,False,True,2.885344522957726,False
025647.OF,平安高端装备C,混合型,混合型-偏股,1.27,-10.9,19.89,34.93,14.12,0.51,125,5036.0,3.507090839402072,146.0,97.22541140451588,67.8,watch,True,False,False,False,False,True,155.490935359973,False
025777.OF,东方阿尔法瑞享A,混合型,混合型-偏股,3.91,-4.64,3.66,34.55,14.1,0.05,146,4043.0,22.537370640092,2345.0,55.14734022196709,46.6,watch,True,False,False,False,False,True,157.533801759841,False
025778.OF,东方阿尔法瑞享C,混合型,混合型-偏股,3.88,-4.68,3.59,34.55,14.11,0.05,146,4053.0,22.34572633192794,2373.0,54.611557596632224,46.5,watch,True,False,False,False,False,True,1.170574484356383,False
025341.OF,鹏华制造升级C,混合型,混合型-偏股,-5.49,-15.99,-5.85,30.78,16.98,-0.25,63,5185.0,0.6515906477577604,5003.0,4.2862610026789145,42.8,watch,True,False,False,False,False,True,4.505081522466226,False
024356.OF,国泰启明回报,混合型,混合型-偏股,-2.86,-7.05,-4.79,7.08,10.09,-0.96,154,4545.0,12.916826370256809,4932.0,5.644852659778032,44.7,watch,True,False,False,False,False,True,2.837642678328466,False
025071.OF,东方红医疗创新C,混合型,混合型-偏股,-6.17,-6.74,-8.12,18.4,18.29,-0.55,93,4486.0,14.047527788424684,5125.0,1.9517795637198576,43.6,watch,True,False,False,False,False,True,161.38921773910056,False
025572.OF,银华科技创新C,混合型,混合型-偏股,-2.68,-5.08,-0.87,16.47,9.32,-0.17,188,4181.0,19.89267918742813,4465.0,14.580941446613094,55.5,watch,True,False,False,False,False,True,168.63953700089994,False
025450.OF,万家数字经济C,股票型,主动股票型,2.78,-7.06,-2.46,20.38,18.16,-0.22,181,443.0,23.529411764705888,480.0,17.128027681660896,49.1,watch,True,False,False,False,False,True,4.618371055696855,False
025449.OF,万家数字经济A,股票型,主动股票型,2.81,-7.02,-2.36,20.39,18.01,-0.21,181,441.0,23.87543252595156,477.0,17.647058823529417,49.3,watch,True,False,False,False,False,True,4.447462858305236,False
024836.OF,中欧港股通科技A,混合型,混合型-偏股,-6.47,-4.67,1.08,23.04,15.07,-0.04,177,4050.0,22.40321962437716,3633.0,30.501339456563336,54.2,watch,True,False,False,False,False,True,4.899047537574872,False
025471.OF,华西研究精选C,混合型,混合型-偏股,-6.14,-7.44,1.2,19.38,18.59,-0.04,192,4613.0,11.613645074741283,3546.0,32.166092613853806,53.3,watch,True,False,False,False,False,True,2.498573956127644,False
024683.OF,东海价值臻选A,混合型,混合型-偏股,-3.84,-1.94,-3.28,7.94,8.08,-0.66,188,3087.0,40.85856650057493,4793.0,8.304630692690395,48.6,watch,True,False,False,False,False,True,109.70012634639386,False
025472.OF,华西优选成长一年持有C,混合型,混合型-偏股,-5.67,-11.3,-2.69,24.22,21.45,-0.19,192,5059.0,3.066308930624761,4732.0,9.471871412169918,43.8,watch,True,False,False,False,False,True,1.5593024363804673,False
025403.OF,工银新经济人民币C,灵活配置型,混合型-平衡,-7.57,-4.83,-0.1,23.13,18.33,-0.09,189,373.0,21.35306553911205,392.0,17.336152219873146,48.9,watch,True,False,False,False,False,True,2.9449439504025743,False
025468.OF,富国创新趋势C,股票型,主动股票型,-0.75,-6.19,-4.16,24.63,16.57,-0.25,202,422.0,27.162629757785474,505.0,12.802768166089962,47.2,watch,True,False,False,False,False,True,1.0543467561706852,False
025382.OF,长盛研发回报C,混合型,混合型-偏股,-2.54,-2.59,-1.08,9.97,9.1,-0.31,208,3363.0,35.569183595247225,4506.0,13.796402602372748,54.0,watch,True,False,False,False,False,True,1.0192524637696725,False
025002.OF,交银产业臻选,混合型,混合型-偏股,-9.13,-8.19,-4.78,9.77,10.48,-0.69,176,4719.0,9.582215408202376,4931.0,5.66398775353999,48.5,watch,True,False,False,False,False,True,3.5173547411196773,False
023434.OF,金元顺安乾利C,混合型,混合型-偏股,-2.01,-6.01,5.09,12.24,7.47,0.25,180,4362.0,16.423917209658878,1872.0,64.19823957137389,63.0,watch,True,False,False,False,False,True,2.893730583121214,False
025328.OF,诺安稳健回报D,灵活配置型,混合型-平衡,-2.52,-4.52,13.35,25.21,13.1,0.45,224,366.0,22.83298097251586,56.0,88.37209302325581,67.4,watch,True,False,False,False,False,True,1.7722756799785346,False
025022.OF,浦银安盛医疗创新A,混合型,混合型-偏股,-6.39,-7.62,-2.82,22.03,24.93,-0.22,209,4633.0,11.230356458413182,4751.0,9.108304630692688,42.0,watch,True,False,False,False,False,True,4.915429354125667,False
025023.OF,浦银安盛医疗创新C,混合型,混合型-偏股,-6.37,-7.63,-2.86,22.03,25.03,-0.22,209,4635.0,11.192027596780374,4756.0,9.01262916188289,41.9,watch,True,False,False,False,False,True,2.2106698043076793,False
024088.OF,百嘉科技创新C,混合型,混合型-偏股,-6.44,-10.33,0.01,14.51,15.66,-0.14,192,4976.0,4.6569566883863605,4233.0,19.02028319938768,52.2,watch,True,False,False,False,False,True,4.333861553846488,False
025017.OF,华富医疗创新A,混合型,混合型-偏股,-7.1,-9.27,-8.1,22.67,32.78,-0.45,201,4863.0,6.822537370640092,5121.0,2.0283199387676976,33.8,watch,True,False,False,False,False,True,2.317850674440682,False
025018.OF,华富医疗创新C,混合型,混合型-偏股,-7.12,-9.31,-8.17,22.68,32.92,-0.45,201,4869.0,6.707550785741667,5127.0,1.9135093761959432,33.7,watch,True,False,False,False,False,True,120.45785835450438,False
024680.OF,东海产业优选D,混合型,混合型-偏股,-2.15,-4.11,4.47,11.7,8.44,0.21,239,3920.0,24.894595630509777,2055.0,60.69651741293532,61.0,watch,True,False,False,False,False,True,4.115745770364084,False
024597.OF,财通成长量化选股C,混合型,混合型-偏股,-2.73,-3.33,-1.71,12.08,8.2,-0.31,197,3671.0,29.66653890379456,4602.0,11.959433601224646,53.7,watch,True,False,False,False,False,True,4.338392820450875,False
024501.OF,招商科技智选A,混合型,混合型-偏股,-3.45,-9.39,-7.25,28.97,15.67,-0.32,231,4876.0,6.573399770026834,5080.0,2.812858783008032,43.5,watch,True,False,False,False,False,True,4.682001518685178,False
022995.OF,中海科技创新A,混合型,混合型-偏股,-1.76,-4.67,8.7,19.26,15.8,0.35,267,4049.0,22.42238405519356,1091.0,79.14274779946422,62.3,watch,True,False,False,False,False,True,3.7640049659918766,False
024486.OF,东吴裕盈平衡E,混合型,混合型-偏股,-1.73,-2.97,-3.79,7.94,5.32,-0.73,281,3535.0,32.272901494825604,4834.0,7.520091848450061,47.8,watch,True,False,False,False,False,True,2.7357738960869287,False
024052.OF,工银科技先锋A,混合型,混合型-偏股,-1.37,-6.23,-2.02,24.33,13.19,-0.17,261,4408.0,15.542353392104255,4643.0,11.17489475698431,50.4,watch,True,False,False,False,False,True,1.4412859001307803,False
024485.OF,东吴裕盈平衡D,混合型,混合型-偏股,-1.77,-3.03,-3.9,7.93,5.38,-0.74,281,3563.0,31.736297431966275,4849.0,7.23306544202067,47.6,watch,True,False,False,False,False,True,229.27046477790387,False
023174.OF,兴华景成C,混合型,混合型-偏股,3.93,-2.42,-8.31,18.0,17.88,-0.57,289,3295.0,36.872364890762746,5138.0,1.7030233448143917,43.6,watch,True,False,False,False,False,True,3.616384427116169,False
024598.OF,兴业医疗创新A,混合型,混合型-偏股,-5.94,-5.99,-5.82,18.05,25.55,-0.43,199,4360.0,16.462246071291688,4999.0,4.362801377726755,39.7,watch,True,False,False,False,False,True,3.228988432883344,False
024467.OF,鹏华共赢未来A,混合型,混合型-偏股,-4.71,0.48,-1.12,9.31,7.02,-0.34,207,1254.0,75.98696818704485,4514.0,13.64332185227708,53.3,watch,True,False,False,False,False,True,2.2501254412717935,False
024450.OF,易方达成长进取A,混合型,混合型-偏股,0.56,-1.32,-2.02,19.93,13.09,-0.2,222,2766.0,47.010348792640855,4642.0,11.194029850746269,52.4,watch,True,False,False,False,False,True,100.0583002272948,False
024044.OF,东方红港股通价值优选A,混合型,混合型-偏股,-4.56,-4.95,3.38,12.46,8.57,0.11,291,4143.0,20.62092755845152,2445.0,53.233830845771145,57.2,watch,True,False,False,False,False,True,1.5648624500882709,False
024358.OF,东方阿尔法健康产业C,混合型,混合型-偏股,-7.21,-9.69,-11.05,26.63,35.77,-0.49,320,4908.0,5.96013798390188,5192.0,0.6697282816685801,30.4,watch,True,False,False,False,False,True,3.765771172089534,False
024380.OF,平安港股通医疗创新精选C,混合型,混合型-偏股,-7.8,-8.86,-5.23,25.9,32.12,-0.28,301,4810.0,7.838252203909546,4952.0,5.262150784538844,34.5,watch,True,False,False,False,False,True,1.5791704458920446,False
024423.OF,东方阿尔法科技优选A,混合型,混合型-偏股,-1.58,-8.42,5.7,25.37,16.18,0.15,328,4751.0,8.968953622077425,1672.0,68.02525832376578,52.6,watch,True,False,False,False,False,True,4.023370984770444,False
024424.OF,东方阿尔法科技优选C,混合型,混合型-偏股,-1.6,-8.46,5.61,25.36,16.27,0.14,328,4757.0,8.853967037179,1699.0,67.50861079219288,52.3,watch,True,False,False,False,False,True,2.406030931032057,False
024023.OF,申万菱信行业精选A,混合型,混合型-偏股,-1.02,-12.03,-3.03,25.65,22.39,-0.2,250,5083.0,2.6063625910310417,4774.0,8.668197474167627,42.2,watch,True,False,False,False,False,True,107.22594778669793,False
024160.OF,大成港股通机遇C,混合型,混合型-偏股,-7.48,-6.24,0.27,15.71,11.06,-0.11,331,4410.0,15.50402453047145,4123.0,21.125143513203216,56.4,watch,True,False,False,False,False,True,2.6324150874221925,False
024159.OF,大成港股通机遇A,混合型,混合型-偏股,-7.43,-6.17,0.42,15.72,11.0,-0.1,331,4397.0,15.753162131084707,4054.0,22.44546498277841,56.8,watch,True,False,False,False,False,True,3.3292003882522665,False
017026.OF,鑫元鑫领航A,混合型,混合型-偏股,-0.87,-10.07,-4.69,16.93,14.04,-0.4,368,4951.0,5.136067458796479,4921.0,5.855338691159584,48.8,watch,True,False,False,False,False,True,3.166837874553111,False
023948.OF,银华品质消费C,股票型,主动股票型,-8.21,-7.56,-5.92,12.84,22.32,-0.62,414,453.0,21.79930795847751,525.0,9.342560553633216,41.0,watch,True,False,False,False,False,True,105.11481276906989,False
023907.OF,富国全球健康生活人民币C,混合型,混合型-偏股,-11.1,-8.3,-6.67,22.08,20.41,-0.39,405,4738.0,9.218091222690685,5059.0,3.214695752009189,42.7,watch,True,False,False,False,False,True,135.94432766456168,False
023632.OF,景顺长城新兴产业A,混合型,混合型-偏股,0.64,-5.28,-5.55,21.44,15.11,-0.35,392,4221.0,19.126101954771947,4975.0,4.822043628013772,47.7,watch,True,False,False,False,False,True,104.94846668694696,False
023753.OF,永赢信息产业智选A,混合型,混合型-偏股,-11.14,-14.66,14.58,28.07,24.55,0.45,424,5160.0,1.1307014181678787,388.0,92.59471871412173,55.9,watch,True,False,False,False,False,True,111.72592688156443,False
022492.OF,金元顺安鑫怡A,混合型,混合型-偏股,-1.44,-3.71,-4.27,9.27,6.28,-0.68,442,3787.0,27.44346492909161,4882.0,6.601607347876004,48.8,watch,True,False,False,False,False,True,111.71649809989977,False
022493.OF,金元顺安鑫怡C,混合型,混合型-偏股,-1.46,-3.75,-4.34,9.28,6.31,-0.68,442,3808.0,27.041011881947107,4890.0,6.448526597780324,48.8,watch,True,False,False,False,False,True,3.3733228936162076,False
023099.OF,金信周期价值A,混合型,混合型-偏股,-2.82,-4.8,4.32,12.6,8.42,0.18,454,4084.0,21.7516289766194,2110.0,59.644087256027554,60.1,watch,True,False,False,False,False,True,2.188179407817136,False
023397.OF,尚正研究睿选A,混合型,混合型-偏股,-3.89,-8.37,7.54,20.2,16.81,0.27,454,4746.0,9.06477577615945,1289.0,75.35399923459624,58.7,watch,True,False,False,False,False,True,1.2618149523060274,False
023269.OF,景顺长城量化成长演化C,混合型,混合型-偏股,-2.73,-4.82,1.98,13.4,12.91,0.0,455,4090.0,21.63664239172096,3072.0,41.23612705702258,49.8,watch,True,False,False,False,False,True,1.0511850616528893,False
022321.OF,汇添富弘瑞回报C,混合型,混合型-偏股,-4.19,-6.15,11.84,19.82,15.97,0.5,455,4391.0,15.868148715983132,646.0,87.65786452353616,67.4,watch,True,False,False,False,False,True,105.34322536679225,False
022447.OF,前海开源周期精选C,混合型,混合型-偏股,4.39,-4.1,-1.67,31.4,27.15,-0.12,455,3916.0,24.971253353775392,4598.0,12.035973976272484,37.5,watch,True,False,False,False,False,True,159.28967983183236,False
022335.OF,广发产业甄选C,混合型,混合型-偏股,-2.5,-8.48,5.31,17.22,12.57,0.19,455,4759.0,8.81563817554618,1813.0,65.32721010332952,58.8,watch,True,False,False,False,False,True,3.570297486108193,False
023176.OF,中邮沪港深精选C,混合型,混合型-偏股,-10.06,-13.97,-9.86,16.19,22.61,-0.73,455,5148.0,1.3606745879647386,5170.0,1.0907003444316832,38.4,watch,True,False,False,False,False,True,2.7984934096743457,False
019137.OF,交银启合C,混合型,混合型-偏股,-2.99,-5.8,4.58,13.26,11.46,0.19,455,4332.0,16.998850134151013,2010.0,61.5575966322235,58.9,watch,True,False,False,False,False,True,2.792313941572852,False
022004.OF,博道大盘成长C,股票型,主动股票型,-3.46,-6.74,6.17,15.45,10.84,0.27,454,437.0,24.567474048442904,249.0,57.09342560553633,61.2,watch,True,False,False,False,False,True,2.163957975317315,False
021627.OF,华富半导体产业C,混合型,混合型-偏股,-0.55,-6.17,12.05,24.39,16.18,0.41,455,4400.0,15.695668838635491,614.0,88.27018752391886,63.3,watch,True,False,False,False,False,True,4.408993279111609,False
021626.OF,华富半导体产业A,混合型,混合型-偏股,-0.52,-6.13,12.14,24.4,16.15,0.42,455,4388.0,15.92564200843235,602.0,88.49980864906239,63.6,watch,True,False,False,False,False,True,3.7073939137131537,False
020849.OF,尚正正泰平衡配置C,混合型,混合型-偏股,-4.3,-5.02,-5.6,7.05,12.36,-1.08,455,4165.0,20.199310080490605,4982.0,4.688097971680061,42.5,watch,True,False,False,False,False,True,1.5975190354377455,False
022364.OF,永赢科技智选A,混合型,混合型-偏股,1.56,2.5,-1.0,33.68,27.04,-0.09,455,567.0,89.1529321579149,4494.0,14.026023727516268,37.7,watch,True,False,False,False,False,True,3.8113621851976345,False
020918.OF,鹏扬聚优睿选A,混合型,混合型-偏股,-5.23,-2.83,-1.16,11.46,10.84,-0.28,455,3479.0,33.34610962054428,4525.0,13.432835820895528,53.6,watch,True,False,False,False,False,True,1.8011178857342673,False
020431.OF,华安景气回报C,混合型,混合型-偏股,-1.82,-9.16,13.44,21.18,20.65,0.54,455,4854.0,6.995017247987734,470.0,91.02564102564102,64.1,watch,True,False,False,False,False,True,196.9983686970429,False
020559.OF,工银健康产业C,混合型,混合型-偏股,-7.53,-8.13,-3.45,23.96,23.42,-0.23,455,4705.0,9.850517439632045,4800.0,8.170685036356673,41.9,watch,True,False,False,False,False,True,2.465810251038266,False
020558.OF,工银健康产业A,混合型,混合型-偏股,-7.49,-8.07,-3.33,23.96,23.2,-0.22,455,4699.0,9.96550402453047,4797.0,8.228090317642556,42.2,watch,True,False,False,False,False,True,1.345214597371809,False
022039.OF,兴银数字经济智选C,混合型,混合型-偏股,-3.67,-6.76,7.32,21.72,21.67,0.24,455,4491.0,13.95170563434266,1323.0,74.70340604668964,53.1,watch,True,False,False,False,False,True,3.241253288964861,False
020420.OF,鹏华科技驱动C,混合型,混合型-偏股,-14.14,-21.06,-6.32,27.31,28.03,-0.3,455,5216.0,0.0574932924492177,5038.0,3.616532721010335,35.4,watch,True,False,False,False,False,True,4.1447332084635375,False
022046.OF,广发养老目标2060五年持有Y,混合型,混合型-偏股,-3.66,-4.33,2.09,11.26,11.13,0.01,440,3968.0,23.974702951322342,2995.0,42.70952927669346,51.7,watch,True,False,False,False,False,True,1.1381909549750537,False
017655.OF,嘉实价值丰裕A,混合型,混合型-偏股,-2.6,-6.03,1.36,14.55,12.56,-0.04,455,4364.0,16.385588348026058,3453.0,33.94565633371604,58.3,watch,True,False,False,False,False,True,2.3625594920799684,False
019620.OF,汇安行业优选A,混合型,混合型-偏股,-7.7,-8.79,-10.14,19.43,28.74,-0.62,455,4804.0,7.953238788807971,5178.0,0.9376195943360144,34.9,watch,True,False,False,False,False,True,108.98515238030123,False
021524.OF,天弘匠心臻选A,混合型,混合型-偏股,-4.06,-5.29,0.04,14.28,12.37,-0.14,454,4222.0,19.106937523955537,4223.0,19.21163413700728,54.7,watch,True,False,False,False,False,True,4.912809087133968,False
021525.OF,天弘匠心臻选C,混合型,混合型-偏股,-4.09,-5.34,-0.08,14.27,12.4,-0.15,454,4235.0,18.85779992334228,4261.0,18.48450057405281,54.5,watch,True,False,False,False,False,True,2.211845422545623,False
020408.OF,华商数字经济A,混合型,混合型-偏股,-5.98,-8.68,7.18,22.64,19.19,0.23,454,4794.0,8.144883096972022,1353.0,74.12935323383086,54.4,watch,True,False,False,False,False,True,4.450197152784143,False
019723.OF,中银量化选股C,混合型,混合型-偏股,-0.04,-4.95,6.1,14.7,12.94,0.28,455,4141.0,20.65925642008433,1578.0,69.82395713738998,61.2,watch,True,False,False,False,False,True,2.5697321262741952,False
021604.OF,新华积极价值C,灵活配置型,混合型-平衡,0.93,-4.42,9.01,15.57,16.24,0.45,455,365.0,23.04439746300211,114.0,76.10993657505286,63.5,watch,True,False,False,False,False,True,2.9006658832761842,False
020476.OF,泰康半导体量化选股A,股票型,主动股票型,-2.41,-7.66,9.08,23.52,16.44,0.3,455,455.0,21.45328719723183,163.0,71.97231833910034,58.0,watch,True,False,False,False,False,True,4.516528081626612,False
020554.OF,南方半导体产业C,股票型,主动股票型,-0.28,-9.9,5.58,23.55,15.48,0.15,455,529.0,8.650519031141869,276.0,52.42214532871972,51.8,watch,True,False,False,False,False,True,1.868143153929313,False
020071.OF,太平先进制造A,混合型,混合型-偏股,-4.58,-9.62,-1.51,17.41,18.77,-0.2,455,4902.0,6.075124568800305,4576.0,12.456946039035588,48.3,watch,True,False,False,False,False,True,1.7538998967504242,False
019427.OF,中银数字经济C,混合型,混合型-偏股,-0.61,-4.63,14.47,27.13,21.97,0.46,455,4041.0,22.5756995017248,395.0,92.46077305778796,58.8,watch,True,False,False,False,False,True,4.607553746897283,False
019877.OF,广发均衡成长C,混合型,混合型-偏股,-7.02,-7.07,0.3,15.11,12.61,-0.11,455,4553.0,12.763510923725562,4108.0,21.412169919632607,55.3,watch,True,False,False,False,False,True,3.3650175738276435,False
017603.OF,华夏国企创新C,混合型,混合型-偏股,0.53,-5.68,8.51,22.45,15.56,0.29,455,4298.0,17.650440781908785,1122.0,78.54955989284348,59.9,watch,True,False,False,False,False,True,1.866697878510838,False
019864.OF,浦银安盛高端装备A,混合型,混合型-偏股,-5.02,-8.59,-3.17,17.0,22.02,-0.3,455,4777.0,8.470678420850897,4787.0,8.41944125526215,44.2,watch,True,False,False,False,False,True,115.3484251188941,False
019499.OF,兴全创新优势C,混合型,混合型-偏股,-1.97,-5.0,3.54,17.81,16.53,0.09,455,4156.0,20.37178995783825,2387.0,54.34366628396479,51.1,watch,True,False,False,False,False,True,3.8723164922730087,False
019436.OF,易米鑫选品质C,混合型,混合型-偏股,-4.32,-4.5,-0.48,11.59,11.95,-0.21,455,4010.0,23.169796857033344,4375.0,16.303099885189443,53.9,watch,True,False,False,False,False,True,3.4046010480225566,False
018836.OF,广发成长启航C,混合型,混合型-偏股,-0.76,-6.28,11.25,21.39,16.75,0.43,455,4416.0,15.389037945573014,721.0,86.22273249138921,64.1,watch,True,False,False,False,False,True,3.6723703343209473,False
019916.OF,富国医药创新A,股票型,主动股票型,-9.01,-8.29,-7.32,25.18,26.32,-0.37,455,478.0,17.474048442906575,547.0,5.536332179930792,37.3,watch,True,False,False,False,False,True,4.118783147236846,False
020970.OF,益民品质升级C,灵活配置型,混合型-平衡,-1.88,-3.43,-2.93,9.36,7.3,-0.53,455,341.0,28.1183932346723,433.0,8.668076109936573,50.7,watch,True,False,False,False,False,True,2.95989042955395,False
019392.OF,嘉实匠心严选A,混合型,混合型-偏股,-5.01,-9.8,-4.17,18.54,20.15,-0.33,455,4926.0,5.615178229206597,4879.0,6.659012629161887,45.1,watch,True,False,False,False,False,True,110.58897628050428,False
019329.OF,国泰金盛回报C,混合型,混合型-偏股,-4.08,-5.16,1.51,15.14,14.5,-0.03,455,4198.0,19.566883863549258,3361.0,35.706084959816295,57.2,watch,True,False,False,False,False,True,3.4403771328697332,False
019574.OF,太平科创精选C,混合型,混合型-偏股,-5.53,-9.79,1.74,15.91,13.69,-0.02,455,4923.0,5.672671521655803,3216.0,38.48067355530043,58.4,watch,True,False,False,False,False,True,4.003529067280102,False
019783.OF,华安健康主题A,混合型,混合型-偏股,-7.22,-9.92,-5.99,24.94,28.26,-0.32,455,4937.0,5.404369490226135,5009.0,4.171450440107161,36.3,watch,True,False,False,False,False,True,4.428691135319677,False
020163.OF,华安睿信优选C,混合型,混合型-偏股,-6.33,-10.04,3.29,16.0,13.72,0.08,455,4950.0,5.155231889612876,2479.0,52.58323765786452,52.9,watch,True,False,False,False,False,True,2.0023781539899757,False
020592.OF,金信多策略精选C,灵活配置型,混合型-平衡,-2.34,-9.55,-6.3,23.46,23.58,-0.35,455,438.0,7.610993657505283,458.0,3.382663847780132,40.1,watch,True,False,False,False,False,True,2.1189871193923455,False
020440.OF,东兴数字经济A,混合型,混合型-偏股,-1.56,-7.0,-4.9,35.82,29.04,-0.19,455,4532.0,13.165963970870065,4936.0,5.568312284730192,33.5,watch,True,False,False,False,False,True,1.2837596976952743,False
018815.OF,方正富邦核心优势A,混合型,混合型-偏股,3.29,-4.71,18.05,29.1,20.39,0.55,454,4057.0,22.269068608662323,199.0,96.21125143513204,62.5,watch,True,False,False,False,False,True,4.941341247371568,False
020492.OF,万家医药量化选股C,混合型,混合型-偏股,-4.33,-7.82,-0.99,15.09,13.88,-0.2,455,4658.0,10.751245688003063,4492.0,14.064293915040182,52.2,watch,True,False,False,False,False,True,4.686888698641557,False
016388.OF,汇安均衡成长A,混合型,混合型-偏股,-5.11,-10.82,5.48,26.05,23.71,0.13,455,5026.0,3.698735147566112,1735.0,66.81974741676234,45.5,watch,True,False,False,False,False,True,119.27465070384544,False
020132.OF,中邮趋势精选C,灵活配置型,混合型-平衡,-4.15,-5.61,2.78,14.16,13.91,0.05,455,392.0,17.336152219873146,268.0,43.551797040169134,50.6,watch,True,False,False,False,False,True,1.9808830474869765,False
019478.OF,中邮医药健康C,混合型,混合型-偏股,-6.85,-8.94,-4.55,22.59,24.07,-0.29,455,4819.0,7.665772326561903,4907.0,6.123230003827018,41.2,watch,True,False,False,False,False,True,1.8203647050308311,False
019212.OF,交银智选进取三个月持有C,混合型,混合型-偏股,-1.15,-4.11,4.61,17.46,18.9,0.15,455,3919.0,24.91376006132617,2000.0,61.7489475698431,51.8,watch,True,False,False,False,False,True,3.7261836785883973,False
019706.OF,鹏扬消费主题C,混合型,混合型-偏股,-5.18,-7.39,-3.07,11.98,13.35,-0.42,455,4602.0,11.824453813721735,4779.0,8.572522005357829,49.6,watch,True,False,False,False,False,True,3.0880151900720247,False
020437.OF,宝盈医疗健康沪港深C,股票型,主动股票型,-7.51,-6.51,-7.75,25.29,33.69,-0.39,455,430.0,25.778546712802765,553.0,4.498269896193774,33.2,watch,True,False,False,False,False,True,2.59050387,False
020435.OF,金信智能中国2025C,灵活配置型,混合型-平衡,-2.69,-0.96,-2.98,8.2,7.53,-0.61,455,243.0,48.837209302325576,434.0,8.456659619450313,49.3,watch,True,False,False,False,False,True,2.908495106521347,False
020232.OF,嘉实互融精选C,股票型,主动股票型,-9.04,-9.62,-9.13,27.24,30.45,-0.41,455,518.0,10.553633217993074,562.0,2.941176470588236,32.6,watch,True,False,False,False,False,True,2.7698172789460207,False
019351.OF,招商远见回报3年定开,混合型,混合型-偏股,4.46,3.34,-1.14,23.89,9.79,-0.13,103,440.0,91.5868148715983,4520.0,13.528511289705325,53.8,watch,True,False,False,False,False,True,1.8495615620526782,False
019781.OF,嘉实创新动力A2,混合型,混合型-偏股,-6.38,-8.91,-4.59,17.96,20.12,-0.37,455,4815.0,7.74243004982752,4913.0,6.008419441255263,44.6,watch,True,False,False,False,False,True,2.9074894949611148,False
019362.OF,富国核心优势C,混合型,混合型-偏股,0.64,-6.23,1.07,21.97,23.67,-0.04,455,4409.0,15.523188961287849,3639.0,30.38652889399158,48.1,watch,True,False,False,False,False,True,127.74255443354072,False
019361.OF,富国核心优势A,混合型,混合型-偏股,0.68,-6.16,1.19,21.97,23.63,-0.04,455,4394.0,15.810655423533928,3555.0,31.993876769996177,48.4,watch,True,False,False,False,False,True,2.7858150472198226,False
019469.OF,信澳新材料精选C,混合型,混合型-偏股,0.27,-4.85,9.11,19.97,13.29,0.36,455,4101.0,21.42583365274051,1019.0,80.52047455032529,65.2,watch,True,False,False,False,False,True,2.0065876763362738,False
018515.OF,中欧预见养老2040三年持有,混合型,混合型-偏股,-2.2,-2.67,-1.77,5.65,5.2,-0.67,441,3402.0,34.82177079340744,4610.0,11.806352851128963,47.9,watch,True,False,False,False,False,True,4.7072133843541355,False
019903.OF,国寿安保先进制造C,股票型,主动股票型,-1.61,-9.58,9.03,22.74,24.47,0.31,454,517.0,10.726643598615915,167.0,71.280276816609,51.5,watch,True,False,False,False,False,True,3.9436878129240975,False
015976.OF,光大数字经济A,混合型,混合型-偏股,-5.43,-10.57,-5.3,14.35,14.15,-0.51,455,5001.0,4.177845917976231,4955.0,5.204745503252961,47.6,watch,True,False,False,False,False,True,1.100060482861075,False
015977.OF,光大数字经济C,混合型,混合型-偏股,-5.46,-10.63,-5.39,14.35,14.3,-0.51,455,5007.0,4.062859333077807,4959.0,5.128205128205132,47.4,watch,True,False,False,False,False,True,2.753547075492448,False
018991.OF,兴银智选消费C,混合型,混合型-偏股,-6.76,-6.62,-2.85,13.07,11.95,-0.37,455,4467.0,14.41165197393638,4755.0,9.031764255644848,51.2,watch,True,False,False,False,False,True,3.7876454030947406,False
018753.OF,天弘阿尔法优选C,混合型,混合型-偏股,-3.87,-5.17,0.19,13.51,11.58,-0.13,454,4200.0,19.528555001916448,4157.0,20.47455032529659,55.7,watch,True,False,False,False,False,True,334.15068592251015,False
019689.OF,南方中国梦C,灵活配置型,混合型-平衡,-2.75,-6.83,0.33,14.42,14.62,-0.12,455,406.0,14.376321353065537,373.0,21.35306553911205,53.7,watch,True,False,False,False,False,True,4.5407676385501325,False
018052.OF,鹏扬医疗健康A,混合型,混合型-偏股,-3.3,-7.42,-7.96,23.25,32.93,-0.43,455,4609.0,11.690302798006902,5118.0,2.0857252200535803,33.7,watch,True,False,False,False,False,True,4.558030253874222,False
019748.OF,金鹰周期优选C,灵活配置型,混合型-平衡,-4.47,-9.82,-2.09,22.78,19.06,-0.18,455,445.0,6.131078224101483,422.0,10.993657505285414,46.7,watch,True,False,False,False,False,True,2.154102623109122,False
019552.OF,东海消费臻选C,混合型,混合型-偏股,-5.2,-5.93,-2.69,12.16,14.5,-0.39,454,4352.0,16.61556151782292,4734.0,9.433601224646004,49.1,watch,True,False,False,False,False,True,3.106200448874831,False
019757.OF,广发锐意进取3个月持有E,混合型,混合型-偏股,-3.19,-4.31,3.91,13.29,12.62,0.14,440,3963.0,24.07052510540437,2251.0,56.94603903559128,55.9,watch,True,False,False,False,False,True,3.3661555955431903,False
019225.OF,大成行业轮动C,混合型,混合型-偏股,-2.46,-5.8,6.4,15.77,13.53,0.28,455,4333.0,16.979685703334614,1513.0,71.06773823191735,61.0,watch,True,False,False,False,False,True,4.1269479340986726,False
019345.OF,交银医疗健康A,混合型,混合型-偏股,-8.18,-10.84,-6.15,24.06,26.52,-0.34,455,5027.0,3.679570716749714,5020.0,3.960964408725598,37.8,watch,True,False,False,False,False,True,4.29050440293622,False
018139.OF,中金先进制造A,混合型,混合型-偏股,-6.03,-16.81,8.7,30.17,26.96,0.22,455,5194.0,0.4791107704101183,1090.0,79.16188289322618,45.1,watch,True,False,False,False,False,True,4.134039922904534,False
017881.OF,工银精选回报A,混合型,混合型-偏股,-8.74,-8.28,-2.57,12.45,9.87,-0.37,455,4736.0,9.25642008432349,4714.0,9.816303099885191,52.8,watch,True,False,False,False,False,True,2.9535995755765425,False
018975.OF,中信建投消费升级A,混合型,混合型-偏股,-7.58,-8.19,-10.09,10.95,20.42,-1.1,455,4718.0,9.601379839018788,5177.0,0.9567546880979716,37.3,watch,True,False,False,False,False,True,2.7540471183380597,False
019153.OF,中欧锐意成长A,混合型,混合型-偏股,-5.65,-8.01,1.5,17.79,20.88,-0.03,455,4690.0,10.137983901878112,3372.0,35.495598928434745,52.2,watch,True,False,False,False,False,True,4.604209466912243,False
019052.OF,华泰柏瑞科技创新C,混合型,混合型-偏股,-2.42,-12.7,13.59,21.61,18.01,0.54,455,5115.0,1.9931008049060888,458.0,91.25526215078456,66.4,watch,True,False,False,False,False,True,2.6936753691615034,False
019252.OF,光大创新生活C,混合型,混合型-偏股,-3.2,-3.94,-0.96,12.09,12.2,-0.24,455,3862.0,26.006132617861244,4487.0,14.15996938384998,53.1,watch,True,False,False,False,False,True,149.52243762744772,False
019273.OF,长城改革红利C,灵活配置型,混合型-平衡,-2.64,-8.91,12.56,21.07,16.25,0.5,455,432.0,8.879492600422834,62.0,87.10359408033827,66.7,watch,True,False,False,False,False,True,2.373085944580377,False
019485.OF,农银汇理主题轮动C,灵活配置型,混合型-平衡,-2.5,-4.34,2.66,20.45,16.19,0.03,455,364.0,23.25581395348837,271.0,42.917547568710354,48.0,watch,True,False,False,False,False,True,106.18870335669257,False
019110.OF,泰康兴泰回报沪港深C,混合型,混合型-偏股,-0.79,-1.29,-1.05,2.65,2.87,-1.15,455,2743.0,47.451130701418165,4498.0,13.949483352468429,43.4,watch,True,False,False,False,False,True,1.297127310731606,False
018827.OF,鑫元科技创新主题A,混合型,混合型-偏股,2.35,-4.99,-2.94,21.9,18.63,-0.23,455,4154.0,20.41011881947106,4766.0,8.821278224263295,46.6,watch,True,False,False,False,False,True,2.847933617634019,False
019029.OF,华宝医药生物C,混合型,混合型-偏股,-5.31,-6.92,-6.8,23.2,30.32,-0.38,455,4515.0,13.49175929474895,5063.0,3.138155376961349,35.0,watch,True,False,False,False,False,True,130.54639768869907,False
018148.OF,百嘉百瑞A,混合型,混合型-偏股,-7.84,-12.39,-0.58,22.38,20.3,-0.12,455,5099.0,2.2997316979685656,4403.0,15.767317259854574,47.3,watch,True,False,False,False,False,True,2.1352616074512842,False
018886.OF,东海数字经济A,混合型,混合型-偏股,-3.38,-7.86,1.52,17.4,19.23,-0.03,454,4671.0,10.502108087389804,3355.0,35.820895522388064,53.5,watch,True,False,False,False,False,True,133.5934172410437,False
018887.OF,东海数字经济C,混合型,混合型-偏股,-3.4,-7.9,1.43,17.39,19.32,-0.03,454,4675.0,10.425450364124188,3412.0,34.73019517795637,53.3,watch,True,False,False,False,False,True,508.72228937094786,False
017963.OF,广发医药创新C,混合型,混合型-偏股,-4.59,-12.3,-13.36,25.54,38.13,-0.6,455,5094.0,2.3955538520505915,5214.0,0.248756218905477,29.2,watch,True,False,False,False,False,True,3.2869462709752137,False
018870.OF,银河产业动力C,混合型,混合型-偏股,-2.9,-6.46,3.43,20.92,17.35,0.07,455,4442.0,14.890762744346498,2429.0,53.539992345962496,49.4,watch,True,False,False,False,False,True,1.971020647934482,False
018872.OF,银河量化优选C,混合型,混合型-偏股,-0.23,-4.62,6.58,11.99,10.45,0.38,455,4040.0,22.5948639325412,1461.0,72.06276310753923,66.2,watch,True,False,False,False,False,True,1.4455902570157326,False
018240.OF,嘉实制造升级A,股票型,主动股票型,-6.93,-10.89,8.77,22.85,24.86,0.3,455,545.0,5.882352941176472,177.0,69.55017301038062,50.6,watch,True,False,False,False,False,True,2.40318672091496,False
018241.OF,嘉实制造升级C,股票型,主动股票型,-6.97,-10.94,8.69,22.85,24.88,0.29,455,549.0,5.190311418685123,182.0,68.68512110726644,50.3,watch,True,False,False,False,False,True,1.9604400758577574,False
018819.OF,鑫元数字经济C,混合型,混合型-偏股,-5.47,-6.18,-5.65,9.78,12.14,-0.78,455,4401.0,15.676504407819092,4988.0,4.573287409108307,46.2,watch,True,False,False,False,False,True,1.5701488925590914,False
018372.OF,中泰星锐景气成长A,混合型,混合型-偏股,-2.25,-4.19,-2.27,16.76,14.94,-0.25,455,3944.0,24.434649290916056,4676.0,10.543436662839644,50.4,watch,True,False,False,False,False,True,1.3291964215538246,False
018377.OF,融通远见价值一年持有A,混合型,混合型-偏股,-3.08,-5.45,10.15,16.96,15.05,0.48,454,4258.0,18.417018014564967,865.0,83.46727898966705,66.7,watch,True,False,False,False,False,True,2.1391867562457145,False
018611.OF,鹏华高端装备一年持有A,混合型,混合型-偏股,-1.36,-4.87,13.36,32.19,20.56,0.35,455,4111.0,21.23418934457647,479.0,90.8534251817834,55.5,watch,True,False,False,False,False,True,3.6519130497252537,False
018446.OF,工银领航三年持有,混合型,混合型-偏股,-7.33,-9.13,-2.63,14.82,11.46,-0.31,455,4850.0,7.0716749712533495,4725.0,9.60581706850363,52.2,watch,True,False,False,False,False,True,207.81473663418765,False
018329.OF,泉果思源三年持有A,混合型,混合型-偏股,-3.37,-6.32,-0.62,14.43,13.79,-0.18,455,4425.0,15.216558068225371,4412.0,15.595101415996936,52.7,watch,True,False,False,False,False,True,2.6971393918636304,False
018589.OF,农银汇理信息传媒C,股票型,主动股票型,-6.31,-7.07,2.04,14.28,15.2,0.0,455,444.0,23.356401384083046,386.0,33.391003460207614,46.8,watch,True,False,False,False,False,True,3.3128848580659844,False
017752.OF,长城创新成长C,混合型,混合型-偏股,0.01,-5.7,4.98,24.95,23.85,0.12,455,4302.0,17.573783058643155,1898.0,63.70072713356296,45.1,watch,True,False,False,False,False,True,4.524501313083401,False
018529.OF,华宝大健康C,混合型,混合型-偏股,-7.7,-8.2,-9.14,26.57,32.31,-0.42,455,4724.0,9.486393254120353,5161.0,1.2629161882893205,32.1,watch,True,False,False,False,False,True,3.1359553910959193,False
018248.OF,中欧致和A,混合型,混合型-偏股,-9.63,-15.81,1.54,20.97,22.62,-0.02,455,5182.0,0.7090839402069782,3347.0,35.97397627248373,50.6,watch,True,False,False,False,False,True,4.008201528266681,False
017145.OF,华宝海外新能源汽车C,股票型,主动股票型,-5.38,-8.78,-13.06,22.62,20.92,-0.67,444,494.0,14.70588235294118,573.0,1.038062283737029,39.0,watch,True,False,False,False,False,True,4.045382819545622,False
018439.OF,财通资管品质消费C,混合型,混合型-偏股,-10.15,-12.41,-9.41,16.65,23.01,-0.69,455,5101.0,2.261402836335757,5166.0,1.1672407194795231,38.5,watch,True,False,False,False,False,True,100.51878053482048,False
018447.OF,长城价值优选C,混合型,混合型-偏股,-4.08,-4.4,0.26,10.97,11.2,-0.16,455,3988.0,23.59141433499425,4125.0,21.0868733256793,55.8,watch,True,False,False,False,False,True,2.501532055765584,False
018045.OF,东方创新医疗A,股票型,主动股票型,-9.13,-14.01,-10.95,21.37,30.45,-0.61,455,567.0,2.076124567474047,570.0,1.557093425605538,33.3,watch,True,False,False,False,False,True,4.664374411445979,False
018049.OF,申万菱信数字产业C,股票型,主动股票型,-10.75,-16.86,13.13,25.56,22.91,0.44,455,576.0,0.519031141868509,81.0,86.159169550173,57.1,watch,True,False,False,False,False,True,3.11048043662553,False
017932.OF,富达传承6个月C,股票型,主动股票型,-2.52,-13.62,8.45,22.67,20.64,0.28,455,564.0,2.595155709342556,193.0,66.78200692041523,53.3,watch,True,False,False,False,False,True,3.5288474484168537,False
016390.OF,易米研究精选A,混合型,混合型-偏股,-3.37,-4.68,-3.13,9.17,8.56,-0.56,455,4052.0,22.36489076274435,4783.0,8.49598163030999,50.3,watch,True,False,False,False,False,True,106.8223975770357,False
017478.OF,安信睿见优选C,混合型,混合型-偏股,-5.4,-4.44,-2.01,14.66,17.71,-0.27,455,3999.0,23.380605596013805,4641.0,11.213164944508224,48.2,watch,True,False,False,False,False,True,4.405436232313622,False
018160.OF,国泰创新医疗C,混合型,混合型-偏股,-6.73,-10.93,-4.02,24.23,25.29,-0.25,455,5038.0,3.4687619777692635,4865.0,6.92690394182931,40.0,watch,True,False,False,False,False,True,3.286027273619245,False
017158.OF,华富匠心领航18个月持有C,混合型,混合型-偏股,2.03,-5.04,10.89,18.78,17.5,0.47,455,4169.0,20.12265235722499,769.0,85.30424799081516,64.7,watch,True,False,False,False,False,True,2.9721526054027807,False
018188.OF,东财景气成长A,混合型,混合型-偏股,1.63,-4.4,4.1,15.32,17.4,0.14,455,3986.0,23.62974319662706,2190.0,58.1132797550708,52.1,watch,True,False,False,False,False,True,2.7758916815751755,False
018089.OF,东财远见成长C,混合型,混合型-偏股,-7.76,-13.79,5.41,22.18,18.82,0.15,455,5141.0,1.4948256036795726,1765.0,66.24569460390356,51.7,watch,True,False,False,False,False,True,3.6318217398927204,False
018073.OF,国泰产业精选A,混合型,混合型-偏股,-5.03,-8.34,-2.91,11.45,11.56,-0.43,455,4741.0,9.160597930241476,4762.0,8.897818599311137,50.9,watch,True,False,False,False,False,True,4.4030802300000005,False
017723.OF,银华心质A,混合型,混合型-偏股,-6.93,-12.45,4.9,25.84,19.6,0.11,455,5103.0,2.2230739747029493,1923.0,63.22234978951398,47.8,watch,True,False,False,False,False,True,4.562567899452247,False
018225.OF,大成策略回报C,混合型,混合型-偏股,0.86,0.45,-7.28,11.21,12.85,-0.83,455,1282.0,75.45036412418551,5082.0,2.7745885954841176,45.0,watch,True,False,False,False,False,True,2.272391020712846,False
017401.OF,贝莱德行业优选C,混合型,混合型-偏股,-3.38,-3.44,-2.16,13.23,16.52,-0.31,454,3706.0,28.99578382522039,4660.0,10.849598163030992,48.6,watch,True,False,False,False,False,True,128.39412421417893,False
017973.OF,易方达港股通优质增长A,混合型,混合型-偏股,-6.91,-5.11,2.68,18.53,16.37,0.04,455,4190.0,19.72019931008049,2758.0,47.24454649827784,48.9,watch,True,False,False,False,False,True,4.23855655354353,False
017974.OF,易方达港股通优质增长C,混合型,混合型-偏股,-6.94,-5.17,2.58,18.53,16.39,0.03,455,4201.0,19.50939057110004,2806.0,46.3260619977038,48.5,watch,True,False,False,False,False,True,132.22081079322984,False
017064.OF,申万菱信乐成C,混合型,混合型-偏股,-7.67,-11.04,5.24,22.5,19.21,0.14,455,5048.0,3.277117669605212,1834.0,64.92537313432835,50.7,watch,True,False,False,False,False,True,3.061126849529525,False
017765.OF,大成均衡增长C,混合型,混合型-偏股,-2.22,-6.29,8.74,16.72,14.26,0.4,455,4418.0,15.350709083940206,1084.0,79.27669345579793,64.8,watch,True,False,False,False,False,True,100.14016333616283,False
017993.OF,方正富邦远见成长A,混合型,混合型-偏股,-12.14,-18.81,7.66,32.12,31.15,0.18,454,5207.0,0.2299731697968599,1264.0,75.83237657864524,40.5,watch,True,False,False,False,False,True,2.875305626684336,False
017994.OF,方正富邦远见成长C,混合型,混合型-偏股,-12.18,-18.89,7.51,32.12,31.2,0.17,454,5208.0,0.2108087389804502,1293.0,75.27745885954842,40.2,watch,True,False,False,False,False,True,3.488761162063743,False
016701.OF,银华海外数字经济量化选股A,混合型,混合型-偏股,-2.69,-6.36,-6.29,18.99,16.61,-0.44,421,4429.0,15.139900344959756,5036.0,3.654802908534249,46.2,watch,True,False,False,False,False,True,2.571938778190315,False
017429.OF,嘉实全球创新龙头A,股票型,主动股票型,-6.3,-9.49,-9.49,17.36,20.88,-0.66,444,513.0,11.418685121107265,563.0,2.768166089965396,40.7,watch,True,False,False,False,False,True,1.4289790091892496,False
017977.OF,信澳优享生活A,混合型,混合型-偏股,-5.34,-7.04,5.87,21.66,19.03,0.18,455,4543.0,12.955155231889616,1622.0,68.98201301186376,52.9,watch,True,False,False,False,False,True,308.4748747567072,False
017978.OF,信澳优享生活C,混合型,混合型-偏股,-5.38,-7.11,5.73,21.65,19.17,0.17,455,4567.0,12.495208892295896,1659.0,68.27401454267125,52.4,watch,True,False,False,False,False,True,3.651487006932879,False
018076.OF,光大健康优加C,混合型,混合型-偏股,-7.65,-9.15,-7.54,24.08,28.77,-0.4,455,4852.0,7.033346109620542,5094.0,2.544967470340609,35.3,watch,True,False,False,False,False,True,1.445571000896219,False
018082.OF,光大产业新动力C,灵活配置型,混合型-平衡,-3.4,-9.76,1.61,23.38,14.95,-0.02,455,441.0,6.976744186046513,310.0,34.672304439746306,55.1,watch,True,False,False,False,False,True,4.483180518021187,False
017773.OF,大成消费主题C,混合型,混合型-偏股,-4.2,-4.23,-1.38,13.14,12.28,-0.26,455,3951.0,24.30049827520122,4558.0,12.801377726750864,52.6,watch,True,False,False,False,False,True,109.84479909300858,False
015734.OF,红塔红土信息产业精选A,股票型,主动股票型,-2.25,-8.19,-0.77,19.42,17.97,-0.14,455,474.0,18.166089965397923,448.0,22.6643598615917,51.0,watch,True,False,False,False,False,True,1.2053776312603854,False
016835.OF,东方红共赢甄选一年持有C,混合型,混合型-偏股,-0.77,-1.34,-0.77,2.96,3.02,-0.94,455,2774.0,46.85703334610962,4448.0,14.9062380405664,44.3,watch,True,False,False,False,False,True,2.2564035221349004,False
017915.OF,中海消费主题精选C,混合型,混合型-偏股,-6.07,-6.54,-5.71,11.96,20.9,-0.64,455,4454.0,14.660789574549636,4991.0,4.515882127822424,41.1,watch,True,False,False,False,False,True,174.60674610377535,False
017436.OF,华宝纳斯达克精选A,股票型,主动股票型,-0.16,-3.74,-6.95,20.57,17.95,-0.44,446,351.0,39.446366782006926,543.0,6.228373702422141,45.3,watch,True,False,False,False,False,True,3.235439085199512,False
017049.OF,富安达产业优选C,混合型,混合型-偏股,-1.28,-10.13,-3.7,24.43,25.79,-0.23,455,4957.0,5.021080873898043,4826.0,7.6731725985457295,39.8,watch,True,False,False,False,False,True,3.2454350864459514,False
016378.OF,太平消费升级一年持有A,混合型,混合型-偏股,-6.72,-5.84,-1.88,10.51,13.65,-0.37,455,4342.0,16.80720582598697,4624.0,11.538461538461542,50.3,watch,True,False,False,False,False,True,2.3584908718171147,False
016379.OF,太平消费升级一年持有C,混合型,混合型-偏股,-6.76,-5.91,-2.0,10.51,13.89,-0.38,455,4348.0,16.692219241088534,4639.0,11.25143513203215,50.0,watch,True,False,False,False,False,True,132.25491031393,False
015857.OF,格林碳中和主题C,混合型,混合型-偏股,-4.2,-8.28,4.19,19.7,20.34,0.11,455,4737.0,9.237255653507091,2161.0,58.66819747416763,49.3,watch,True,False,False,False,False,True,3.1385331164210357,False
017627.OF,长城港股通价值精选多策略C,混合型,混合型-偏股,-9.51,-10.88,-3.67,20.72,22.06,-0.27,455,5034.0,3.54541970103488,4818.0,7.82625334864141,44.1,watch,True,False,False,False,False,True,220.08459841667883,False
017112.OF,嘉实优享生活A,混合型,混合型-偏股,-7.03,-6.26,-7.29,11.59,20.57,-0.8,455,4414.0,15.42736680720582,5083.0,2.7554535017221604,39.5,watch,True,False,False,False,False,True,4.338540438536486,False
017113.OF,嘉实优享生活C,混合型,混合型-偏股,-7.06,-6.31,-7.37,11.59,20.72,-0.81,455,4423.0,15.25488692985818,5088.0,2.659778032912364,39.3,watch,True,False,False,False,False,True,2.453270707910946,False
016762.OF,嘉合锦荣C,混合型,混合型-偏股,-5.98,-14.04,-1.66,20.32,19.14,-0.18,455,5151.0,1.3031812955155209,4596.0,12.0742441637964,48.0,watch,True,False,False,False,False,True,3.748092931006332,False
017628.OF,华商计算机行业量化C,股票型,主动股票型,-4.95,-11.56,5.01,22.27,21.78,0.14,454,552.0,4.6712802768166135,300.0,48.26989619377162,46.2,watch,True,False,False,False,False,True,1.0408841182435622,False
015527.OF,弘毅远方汽车产业升级A,混合型,混合型-偏股,-0.12,-6.1,4.1,25.28,19.6,0.08,455,4384.0,16.002299731697967,2189.0,58.13241484883276,46.5,watch,True,False,False,False,False,True,2.3490043636160696,False
017035.OF,中信建投科技主题6个月持有C,混合型,混合型-偏股,-0.8,-4.96,7.56,17.86,18.63,0.31,455,4148.0,20.52510540436949,1281.0,75.50707998469193,58.1,watch,True,False,False,False,False,True,4.756422331680516,False
016549.OF,永赢消费龙头智选A,混合型,混合型-偏股,-10.08,-9.25,2.69,19.33,20.24,0.04,455,4860.0,6.880030663089309,2756.0,47.28281668580176,45.9,watch,True,False,False,False,False,True,107.95066390626202,False
017076.OF,宝盈半导体产业C,混合型,混合型-偏股,-2.59,-9.48,-0.55,24.76,16.91,-0.1,455,4890.0,6.305097738597166,4396.0,15.901262916188283,48.8,watch,True,False,False,False,False,True,1.1719602370571707,False
017075.OF,宝盈半导体产业A,混合型,混合型-偏股,-2.56,-9.43,-0.45,24.77,16.88,-0.1,455,4879.0,6.515906477577616,4365.0,16.494450822809036,48.9,watch,True,False,False,False,False,True,1.3749603983935066,False
016384.OF,永赢消费鑫选6个月持有A,混合型,混合型-偏股,-7.6,-8.14,-4.32,14.79,12.87,-0.43,455,4710.0,9.75469528555002,4888.0,6.48679678530425,49.5,watch,True,False,False,False,False,True,4.320367410179635,False
017147.OF,嘉实积极配置一年持有A,混合型,混合型-偏股,-5.73,-7.03,-2.57,17.57,14.89,-0.26,455,4539.0,13.031812955155232,4713.0,9.83543819364715,50.2,watch,True,False,False,False,False,True,3.0218202672248435,False
015915.OF,永赢医药创新智选A,混合型,混合型-偏股,-7.23,-9.13,-6.98,26.47,30.51,-0.34,455,4848.0,7.110003832886158,5069.0,3.0233448143895947,33.7,watch,True,False,False,False,False,True,1.2321648894453836,False
016288.OF,大成消费机遇C,混合型,混合型-偏股,-6.37,-7.14,-3.76,13.89,16.64,-0.41,455,4572.0,12.39938673821388,4830.0,7.59663222349789,47.1,watch,True,False,False,False,False,True,2.7596063262332207,False
017197.OF,华宝新兴成长C,混合型,混合型-偏股,2.73,1.71,-1.44,23.83,16.76,-0.14,455,747.0,85.70333461096206,4566.0,12.648296976655182,48.5,watch,True,False,False,False,False,True,109.45836427958487,False
017353.OF,工银养老2050五年持有Y,混合型,混合型-偏股,-6.91,-9.27,-0.81,14.56,14.53,-0.19,440,4862.0,6.841701801456502,4455.0,14.772292384232689,51.9,watch,True,False,False,False,False,True,4.4095773270081375,False
015289.OF,格林高股息优选A,混合型,混合型-偏股,-5.1,-6.73,0.29,15.03,14.83,-0.11,455,4483.0,14.105021080873904,4110.0,21.373899732108693,53.6,watch,True,False,False,False,False,True,2.702271723699556,False
015290.OF,格林高股息优选C,混合型,混合型-偏股,-5.13,-6.77,0.21,15.03,14.85,-0.12,455,4492.0,13.93254120352626,4144.0,20.723306544202067,53.3,watch,True,False,False,False,False,True,1.6449021338482224,False
016981.OF,银河核心优势C,混合型,混合型-偏股,-6.46,-7.26,13.6,27.13,23.02,0.43,455,4586.0,12.131084706784211,457.0,91.2743972445465,56.9,watch,True,False,False,False,False,True,100.82897349892929,False
016157.OF,汇添富数字经济核心产业一年持有A,混合型,混合型-偏股,-4.91,-9.47,-5.97,21.28,19.14,-0.37,455,4887.0,6.362591031046383,5008.0,4.190585533869118,44.4,watch,True,False,False,False,False,True,3.2851215104608946,False
015217.OF,鹏扬成长领航A,混合型,混合型-偏股,-1.37,-9.11,-0.21,13.88,12.3,-0.16,455,4845.0,7.167497125335376,4297.0,17.795637198622273,54.3,watch,True,False,False,False,False,True,3.828042167598535,False
016064.OF,建信智远先锋A,混合型,混合型-偏股,-2.76,-1.29,-3.69,10.19,9.65,-0.56,455,2741.0,47.48945956305097,4822.0,7.74971297359357,50.6,watch,True,False,False,False,False,True,3.7596825676471175,False
016065.OF,建信智远先锋C,混合型,混合型-偏股,-2.78,-1.33,-3.76,10.2,9.67,-0.56,455,2773.0,46.87619777692602,4833.0,7.539226942212018,50.5,watch,True,False,False,False,False,True,3.052622679846728,False
016165.OF,汇添富优势企业精选A,混合型,混合型-偏股,-4.26,-9.77,-11.13,26.22,17.38,-0.5,455,4922.0,5.691835952472212,5195.0,0.6123230003826974,41.4,watch,True,False,False,False,False,True,1.608314576004809,False
016173.OF,汇添富优势企业精选C,混合型,混合型-偏股,-4.3,-9.82,-11.22,26.22,17.39,-0.5,455,4930.0,5.538520505940969,5197.0,0.574052812858783,41.4,watch,True,False,False,False,False,True,1.4152822802731069,False
016265.OF,中信建投趋势领航两年持有A,混合型,混合型-偏股,-2.16,-5.99,6.44,14.38,14.68,0.31,455,4358.0,16.500574932924494,1501.0,71.29735935706086,60.6,watch,True,False,False,False,False,True,126.96493741979543,False
016345.OF,长安行业成长A,混合型,混合型-偏股,-5.14,-6.13,3.09,18.92,21.65,0.06,455,4389.0,15.90647757761594,2562.0,50.99502487562189,45.8,watch,True,False,False,False,False,True,106.55230297749804,False
015636.OF,汇安价值先锋C,混合型,混合型-偏股,-2.6,-6.34,-0.19,17.36,16.21,-0.13,455,4427.0,15.178229206592563,4291.0,17.910447761194025,51.7,watch,True,False,False,False,False,True,1.6173832525133083,False
016346.OF,长安行业成长C,混合型,混合型-偏股,-5.18,-6.19,2.98,18.92,21.67,0.05,455,4402.0,15.657339977002682,2622.0,49.84691924990432,45.4,watch,True,False,False,False,False,True,3.5650058361596315,False
016073.OF,创金合信软件产业A,股票型,主动股票型,-10.54,-18.29,-0.85,21.97,23.39,-0.13,455,577.0,0.34602076124568,449.0,22.491349480968857,46.0,watch,True,False,False,False,False,True,3.8288122825642863,False
016590.OF,富国汽车智选A,混合型,混合型-偏股,-2.82,-9.06,-1.51,24.01,21.04,-0.15,455,4836.0,7.339977002683018,4575.0,12.476081132797546,45.1,watch,True,False,False,False,False,True,3.9332186,False
016163.OF,万家欣远A,混合型,混合型-偏股,-6.15,-7.68,-2.87,11.98,10.98,-0.41,455,4644.0,11.019547719432731,4759.0,8.955223880597018,51.5,watch,True,False,False,False,False,True,163.7052052501547,False
016164.OF,万家欣远C,混合型,混合型-偏股,-6.17,-7.73,-2.96,11.97,11.01,-0.41,455,4650.0,10.904561134534308,4767.0,8.802143130501339,51.5,watch,True,False,False,False,False,True,4.57469169117529,False
016286.OF,汇丰晋信龙头优势C,混合型,混合型-偏股,-1.48,-2.73,-0.93,11.18,11.73,-0.26,455,3434.0,34.20850900728249,4483.0,14.23650975889782,53.2,watch,True,False,False,False,False,True,129.93711623399855,False
016571.OF,嘉实价值丰润C,混合型,混合型-偏股,-3.01,-4.94,4.35,14.62,11.79,0.16,455,4136.0,20.75507857416635,2098.0,59.87370838117108,57.7,watch,True,False,False,False,False,True,2.3089998585710854,False
016570.OF,嘉实价值丰润A,混合型,混合型-偏股,-2.96,-4.85,4.51,14.64,11.66,0.17,455,4102.0,21.406669221924112,2034.0,61.09835438193648,58.3,watch,True,False,False,False,False,True,185.99870187224266,False
013363.OF,大成中国优势A,混合型,混合型-偏股,-7.44,-6.98,-3.07,22.59,18.46,-0.22,444,4527.0,13.26178612495209,4778.0,8.591657099119788,46.4,watch,True,False,False,False,False,True,142.05788776730103,False
016455.OF,诺安均衡优选一年持有C,混合型,混合型-偏股,-3.17,-5.1,-0.83,16.56,11.49,-0.17,455,4186.0,19.796857033346104,4461.0,14.657481821660925,54.4,watch,True,False,False,False,False,True,132.93548862899593,False
015505.OF,中邮专精特新一年持有A,混合型,混合型-偏股,-2.11,-6.04,6.96,22.0,17.34,0.23,455,4367.0,16.328095055576853,1402.0,73.19173363949483,56.1,watch,True,False,False,False,False,True,2.07099127,False
016092.OF,汇泉匠心智选一年持有C,混合型,混合型-偏股,-2.41,-5.71,0.16,12.99,11.9,-0.14,455,4309.0,17.43963204292832,4168.0,20.26406429391504,55.3,watch,True,False,False,False,False,True,3.098102379135328,False
015034.OF,泰信优势领航A,混合型,混合型-偏股,-11.55,-17.87,-1.32,22.7,22.61,-0.15,455,5199.0,0.3832886163280924,4550.0,12.954458476846542,44.6,watch,True,False,False,False,False,True,143.10325453735388,False
015986.OF,中海新兴成长六个月持有,混合型,混合型-偏股,-2.62,-4.15,12.19,23.57,26.03,0.43,455,3932.0,24.66462246071292,597.0,88.59548411787218,55.4,watch,True,False,False,False,False,True,3.4119156928917227,False
016166.OF,万家颐远均衡一年持有A,混合型,混合型-偏股,-1.75,-4.11,1.57,10.62,8.11,-0.04,455,3922.0,24.856266768876967,3330.0,36.29927286643705,61.0,watch,True,False,False,False,False,True,4.016950620805316,False
016307.OF,景顺长城北交所精选两年定开A,混合型,混合型-偏股,-9.31,-10.97,1.94,24.16,25.39,0.0,455,5041.0,3.411268685320046,3097.0,40.75774971297359,37.9,watch,True,False,False,False,False,True,4.689526033850671,False
016293.OF,华安核心优选C,混合型,混合型-偏股,-4.4,-5.08,1.25,15.58,15.71,-0.05,455,4180.0,19.91184361824454,3513.0,32.79755070799847,55.5,watch,True,False,False,False,False,True,3.343936506054473,False
015732.OF,尚正新能源产业A,混合型,混合型-偏股,-6.74,-8.67,3.08,20.25,19.88,0.05,455,4789.0,8.240705251054049,2566.0,50.91848450057406,46.9,watch,True,False,False,False,False,True,3.209463215534468,False
015733.OF,尚正新能源产业C,混合型,混合型-偏股,-6.78,-8.73,2.96,20.26,19.9,0.05,455,4799.0,8.049060942889996,2634.0,49.61729812476081,46.6,watch,True,False,False,False,False,True,1.856269241973458,False
015611.OF,万家匠心致远一年持有C,混合型,混合型-偏股,-2.19,-2.52,-0.81,17.44,12.96,-0.16,455,3337.0,36.06745879647374,4454.0,14.791427477994644,53.4,watch,True,False,False,False,False,True,248.10892461611525,False
015750.OF,博时优享回报C,混合型,混合型-偏股,-2.12,-4.32,-2.15,15.07,15.06,-0.28,455,3966.0,24.013031812955155,4658.0,10.88786835055492,50.0,watch,True,False,False,False,False,True,4.579314186709364,False
014409.OF,创金合信兴选产业趋势C,混合型,混合型-偏股,-10.84,-14.88,4.3,23.14,19.12,0.1,455,5164.0,1.0540436949022625,2121.0,59.433601224646,48.6,watch,True,False,False,False,False,True,3.3889430283252713,False
015100.OF,华泰柏瑞低碳经济智选A,混合型,混合型-偏股,-4.39,-10.29,6.97,23.65,21.66,0.21,455,4972.0,4.733614411651976,1396.0,73.30654420206659,51.2,watch,True,False,False,False,False,True,2.8081502049755067,False
014408.OF,创金合信兴选产业趋势A,混合型,混合型-偏股,-10.8,-14.82,4.57,23.15,19.08,0.11,455,5162.0,1.0923725565350706,2017.0,61.42365097588978,49.2,watch,True,False,False,False,False,True,2.5800037431223375,False
015663.OF,易米开鑫价值优选A,混合型,混合型-偏股,-4.01,-4.51,-0.23,11.3,11.9,-0.2,455,4013.0,23.11230356458413,4302.0,17.699961729812475,54.2,watch,True,False,False,False,False,True,193.3237998480501,False
015135.OF,工银专精特新A,混合型,混合型-偏股,-1.5,-6.77,6.55,18.24,18.35,0.25,455,4493.0,13.913376772709851,1468.0,71.92881745120552,56.3,watch,True,False,False,False,False,True,3.788406167511694,False
016029.OF,湘财成长优选一年持有A,混合型,混合型-偏股,-1.41,-10.31,3.82,20.86,18.06,0.09,455,4974.0,4.695285550019168,2285.0,56.295445847684654,49.8,watch,True,False,False,False,False,True,4.715810228789382,False
011629.OF,银河核心优势A,混合型,混合型-偏股,-6.43,-7.22,13.68,27.13,22.94,0.43,455,4581.0,12.226906860866226,447.0,91.4657481821661,57.0,watch,True,False,False,False,False,True,1.1344292950722425,False
014958.OF,华富消费成长C,股票型,主动股票型,-5.8,-8.65,-1.7,11.7,12.07,-0.32,455,488.0,15.743944636678195,464.0,19.8961937716263,53.2,watch,True,False,False,False,False,True,118.78562763364647,False
014590.OF,招商成长先导C,股票型,主动股票型,-7.37,-8.04,-5.99,19.06,21.53,-0.42,455,468.0,19.204152249134943,527.0,8.996539792387548,43.5,watch,True,False,False,False,False,True,1.9129339859773975,False
016131.OF,国泰海通品质生活C,混合型,混合型-偏股,-8.95,-7.42,-4.3,13.09,14.59,-0.48,455,4607.0,11.72863165963971,4886.0,6.525066972828164,47.7,watch,True,False,False,False,False,True,3.713781571253652,False
016130.OF,国泰海通品质生活A,混合型,混合型-偏股,-8.93,-7.38,-4.22,13.09,14.57,-0.48,455,4601.0,11.843618244538137,4880.0,6.639877535399918,47.8,watch,True,False,False,False,False,True,4.60341750555707,False
016018.OF,银河康乐C,股票型,主动股票型,-4.94,-8.8,11.32,17.79,15.76,0.52,455,495.0,14.53287197231834,112.0,80.79584775086505,66.8,watch,True,False,False,False,False,True,596.8772993332686,False
015828.OF,永赢新能源智选A,混合型,混合型-偏股,-12.56,-19.23,6.17,30.59,28.8,0.14,455,5213.0,0.1149865848984244,1567.0,70.03444316877152,40.2,watch,True,False,False,False,False,True,4.5094016480572305,False
014754.OF,华安景气优选A,混合型,混合型-偏股,-7.06,-7.84,-0.7,17.78,19.25,-0.15,455,4664.0,10.63625910310464,4436.0,15.135859165709908,48.8,watch,True,False,False,False,False,True,3.76406458,False
015373.OF,浙商智选新兴产业A,混合型,混合型-偏股,-1.0,-5.41,1.79,16.3,15.03,-0.01,455,4249.0,18.58949789191261,3190.0,38.97818599311137,57.6,watch,True,False,False,False,False,True,2.6713979486144908,False
014667.OF,工银优质发展C,混合型,混合型-偏股,-3.18,-5.07,-1.77,14.47,11.8,-0.26,455,4177.0,19.96933691069376,4607.0,11.863758132414848,52.8,watch,True,False,False,False,False,True,2.942216856791672,False
015589.OF,国泰金马稳健回报C,平衡型,混合型-平衡,-5.79,-12.19,-0.45,23.56,24.43,-0.1,455,458.0,3.382663847780132,401.0,15.433403805496829,43.7,watch,True,False,False,False,False,True,3.8032306916459997,False
015667.OF,银河文体娱乐主题C,灵活配置型,混合型-平衡,-15.11,-15.21,-1.07,24.79,26.09,-0.12,455,470.0,0.8456659619450302,410.0,13.530655391120504,41.4,watch,True,False,False,False,False,True,2.3488086563908914,False
015751.OF,景顺长城品质长青C,混合型,混合型-偏股,-4.92,-8.75,-8.57,22.29,21.44,-0.47,455,4801.0,8.010732081257188,5149.0,1.49253731343284,40.8,watch,True,False,False,False,False,True,2.1819474911497676,False
014972.OF,华安沪港深外延增长C,灵活配置型,混合型-平衡,-6.89,-7.94,-1.23,17.7,18.97,-0.18,455,422.0,10.993657505285414,412.0,13.107822410147996,48.4,watch,True,False,False,False,False,True,4.724651459956662,False
015614.OF,华宝价值发现C,混合型,混合型-偏股,-7.85,-7.06,-3.87,13.12,11.72,-0.45,455,4548.0,12.85933307780759,4846.0,7.290470723306541,50.3,watch,True,False,False,False,False,True,2.297298092092813,False
014934.OF,南方浩益进取聚申3个月持有A,混合型,混合型-偏股,-2.57,-4.51,2.93,13.17,11.64,0.07,440,4016.0,23.05481027213492,2647.0,49.36854190585534,53.8,watch,True,False,False,False,False,True,4.664923297106894,False
015562.OF,长城医疗保健C,混合型,混合型-偏股,-3.07,-3.81,-4.51,22.32,27.59,-0.29,455,3831.0,26.6002299731698,4905.0,6.161500191350933,38.7,watch,True,False,False,False,False,True,2.25200738280115,False
014264.OF,鑫元长三角区域主题C,混合型,混合型-偏股,-3.47,-5.92,6.81,15.59,14.1,0.31,455,4350.0,16.653890379455728,1427.0,72.71335629544583,61.4,watch,True,False,False,False,False,True,2.625215837666275,False
014016.OF,中信建投品质优选一年持有A,混合型,混合型-偏股,-2.47,-5.94,6.54,14.09,14.39,0.32,455,4354.0,16.577232656190112,1473.0,71.83314198239572,61.2,watch,True,False,False,False,False,True,1.20252071,False
015436.OF,建信优化配置C,混合型,混合型-偏股,-0.61,-2.04,-3.61,14.72,11.05,-0.38,455,3129.0,40.05366040628593,4814.0,7.90279372368925,51.6,watch,True,False,False,False,False,True,2.362617144341697,False
014708.OF,天弘臻选健康A,混合型,混合型-偏股,-7.32,-8.57,-1.16,18.88,15.99,-0.17,454,4773.0,8.547336144116525,4523.0,13.471106008419442,50.8,watch,True,False,False,False,False,True,3.7359728343463203,False
015365.OF,中银动态策略C,混合型,混合型-偏股,-2.37,-5.11,0.21,12.37,11.73,-0.14,455,4189.0,19.7393637408969,4151.0,20.589360887868345,55.5,watch,True,False,False,False,False,True,1.320207237142201,False
015005.OF,中邮能源革新C,混合型,混合型-偏股,-3.54,-10.27,8.14,23.97,20.91,0.26,455,4971.0,4.752778842468375,1196.0,77.13356295445848,53.5,watch,True,False,False,False,False,True,1.9249466330431533,False
015187.OF,汇添富消费升级C,混合型,混合型-偏股,-7.53,-8.02,-7.36,14.32,15.13,-0.65,455,4692.0,10.099655040245302,5087.0,2.6789131266743205,45.1,watch,True,False,False,False,False,True,3.2597662481508674,False
015203.OF,汇添富全球移动互联D,灵活配置型,混合型-平衡,-1.87,-4.03,-4.51,17.36,16.09,-0.38,444,353.0,25.58139534883721,445.0,6.131078224101483,47.6,watch,True,False,False,False,False,True,3.531256333564094,False
014766.OF,中欧碳中和C,混合型,混合型-偏股,-1.26,-4.5,-1.83,23.49,20.49,-0.16,455,4011.0,23.150632426216944,4614.0,11.729812476081136,45.5,watch,True,False,False,False,False,True,2.013216649924604,False
013110.OF,华夏优势价值一年持有C,混合型,混合型-偏股,-4.95,-4.55,-2.0,10.91,12.03,-0.37,455,4020.0,22.978152548869303,4638.0,11.270570225794108,51.5,watch,True,False,False,False,False,True,4.78456709053935,False
015208.OF,信澳健康中国C,灵活配置型,混合型-平衡,-6.0,-11.29,-1.46,16.67,16.64,-0.21,455,452.0,4.651162790697672,414.0,12.684989429175475,49.8,watch,True,False,False,False,False,True,4.7929889665622545,False
013847.OF,华泰柏瑞匠心汇选A,混合型,混合型-偏股,-1.62,-4.78,3.99,11.82,11.86,0.17,455,4073.0,21.962437715599847,2225.0,57.44355147340222,57.3,watch,True,False,False,False,False,True,1.2611043364268955,False
013994.OF,中欧光熠一年持有C,混合型,混合型-偏股,-2.47,-2.79,-0.82,13.06,14.38,-0.22,455,3457.0,33.767727098505176,4457.0,14.734022196708764,51.7,watch,True,False,False,False,False,True,3.498142672936829,False
015010.OF,嘉合锦鑫A,混合型,混合型-偏股,-1.92,-10.7,8.82,22.89,20.36,0.3,455,5014.0,3.928708317362972,1071.0,79.52544967470341,55.9,watch,True,False,False,False,False,True,4.233779498022937,False
015119.OF,汇添富沪港深大盘价值D,混合型,混合型-偏股,-8.05,-10.1,-3.96,20.54,23.33,-0.29,455,4954.0,5.078574166347261,4858.0,7.060849598163033,42.9,watch,True,False,False,False,False,True,3.8049678293356415,False
014989.OF,国泰新经济C,灵活配置型,混合型-平衡,-3.04,-10.56,-4.06,25.3,20.5,-0.24,455,448.0,5.496828752642702,441.0,6.976744186046513,43.1,watch,True,False,False,False,False,True,3.154201100296872,False
015122.OF,汇添富医疗服务D,灵活配置型,混合型-平衡,-5.89,-6.88,-8.95,22.92,27.72,-0.48,455,407.0,14.164904862579286,469.0,1.0570824524312905,35.6,watch,True,False,False,False,False,True,1.3083880377798118,False
014872.OF,嘉实品质蓝筹一年持有A,混合型,混合型-偏股,-6.12,-8.88,1.12,15.44,14.63,-0.06,455,4812.0,7.799923342276738,3605.0,31.037122081898204,56.0,watch,True,False,False,False,False,True,113.06658849519395,False
014840.OF,招商裕华,混合型,混合型-偏股,-2.51,-5.79,0.44,17.09,16.94,-0.09,455,4329.0,17.05634342660023,4046.0,22.598545732874086,52.4,watch,True,False,False,False,False,True,1.3984502356339321,False
013871.OF,招商能源转型A,混合型,混合型-偏股,-2.77,-4.65,0.87,21.95,24.03,-0.05,455,4045.0,22.499041778459183,3760.0,28.071182548794493,47.4,watch,True,False,False,False,False,True,1.849549787653826,False
014727.OF,易方达成长动力A,混合型,混合型-偏股,0.55,-1.3,-1.94,20.78,15.88,-0.19,455,2748.0,47.355308547336136,4630.0,11.423650975889776,50.0,watch,True,False,False,False,False,True,2.9583994702687666,False
014651.OF,大成专精特新A,混合型,混合型-偏股,-3.77,-12.29,4.71,20.37,15.21,0.13,455,5093.0,2.414718282867001,1972.0,62.28473019517795,54.4,watch,True,False,False,False,False,True,4.198287005053194,False
013937.OF,广发睿升C,混合型,混合型-偏股,-0.85,-5.1,-2.24,16.87,16.17,-0.25,455,4187.0,19.777692602529704,4667.0,10.715652506697282,49.5,watch,True,False,False,False,False,True,3.1724606335810726,False
014933.OF,南方医药保健C,灵活配置型,混合型-平衡,-4.98,-6.14,-5.06,18.3,23.35,-0.39,455,398.0,16.067653276955607,453.0,4.439746300211411,41.8,watch,True,False,False,False,False,True,2.3862215695116142,False
014235.OF,淳厚时代优选A,混合型,混合型-偏股,-4.06,-5.73,-0.58,14.78,14.14,-0.17,455,4313.0,17.362974319662705,4404.0,15.748182166092615,52.6,watch,True,False,False,False,False,True,1.0766362873078823,False
014404.OF,中欧多元价值三年持有A,混合型,混合型-偏股,-4.85,-3.11,-4.3,12.49,12.17,-0.5,455,3599.0,31.046377922575697,4884.0,6.56333716035209,49.4,watch,True,False,False,False,False,True,3.8194045397355993,False
013349.OF,创金合信大健康C,混合型,混合型-偏股,-4.82,-8.02,-6.99,22.97,29.81,-0.39,455,4693.0,10.080490609428905,5070.0,3.0042097206276264,35.2,watch,True,False,False,False,False,True,2.0526507406144954,False
014929.OF,民生加银创新成长C,混合型,混合型-偏股,-6.94,-9.82,-1.17,18.08,17.07,-0.18,455,4928.0,5.5768493675737885,4527.0,13.394565633371602,49.9,watch,True,False,False,False,False,True,1.949160119981045,False
014377.OF,东吴新能源汽车C,股票型,主动股票型,-2.03,-9.73,-5.07,21.24,21.2,-0.33,455,522.0,9.861591695501726,516.0,10.899653979238757,44.3,watch,True,False,False,False,False,True,1.7906047977190749,False
014472.OF,景顺长城远见成长A,混合型,混合型-偏股,-2.24,-6.53,-2.17,21.3,23.19,-0.2,455,4451.0,14.718282866998855,4662.0,10.81132797550708,44.1,watch,True,False,False,False,False,True,1.4995290326426107,False
014261.OF,摩根沃享远见一年持有A,混合型,混合型-偏股,-0.25,-4.39,-6.97,22.49,21.4,-0.4,455,3983.0,23.68723648907628,5068.0,3.042479908151552,41.7,watch,True,False,False,False,False,True,1.659804627756547,False
014200.OF,建信沃信一年持有C,混合型,混合型-偏股,-2.63,-5.09,-5.51,19.38,19.68,-0.39,455,4183.0,19.854350325795323,4969.0,4.936854190585538,44.6,watch,True,False,False,False,False,True,4.528837569893971,False
014211.OF,国投瑞银竞争优势C,混合型,混合型-偏股,-2.66,-5.09,2.9,14.51,13.27,0.06,455,4184.0,19.835185894978924,2663.0,49.06238040566399,52.2,watch,True,False,False,False,False,True,3.2852887893075113,False
014113.OF,上银未来生活C,灵活配置型,混合型-平衡,-7.63,-11.34,-3.15,19.09,18.11,-0.27,455,454.0,4.228329809725162,437.0,7.822410147991543,47.4,watch,True,False,False,False,False,True,4.798008957830685,False
014300.OF,宏利先进制造C,股票型,主动股票型,-2.28,-10.9,1.84,23.53,18.06,-0.01,455,547.0,5.536332179930792,394.0,32.00692041522492,52.4,watch,True,False,False,False,False,True,2.389248669249109,False
014640.OF,兴全合衡三年持有C,混合型,混合型-偏股,-4.87,-6.82,0.57,13.26,13.29,-0.11,455,4502.0,13.740896895362209,3967.0,24.110218140068884,55.3,watch,True,False,False,False,False,True,4.133788674186562,False
014299.OF,宏利先进制造A,股票型,主动股票型,-2.26,-10.87,1.9,23.54,18.04,0.0,455,544.0,6.055363321799312,391.0,32.52595155709342,42.6,watch,True,False,False,False,False,True,3.830364292835155,False
014074.OF,嘉实内需精选A,混合型,混合型-偏股,-7.6,-6.88,-7.71,14.31,22.72,-0.68,455,4508.0,13.625910310463784,5103.0,2.372751626482972,39.0,watch,True,False,False,False,False,True,3.34887262,False
013009.OF,万家港股通精选A,混合型,混合型-偏股,-8.14,-9.04,-2.77,16.74,14.84,-0.28,455,4833.0,7.397470295132235,4745.0,9.22311519326444,50.0,watch,True,False,False,False,False,True,4.422968846683229,False
014505.OF,中银收益C,混合型,混合型-偏股,-0.97,-12.13,-5.42,17.67,15.53,-0.42,455,5086.0,2.548869298581835,4961.0,5.089934940681207,47.4,watch,True,False,False,False,False,True,2.3909178176838117,False
013073.OF,泰信医疗服务C,混合型,混合型-偏股,-5.62,-8.58,-9.31,25.22,36.39,-0.45,455,4774.0,8.528171713300114,5164.0,1.2055109070034489,31.5,watch,True,False,False,False,False,True,1.1923149541196032,False
013072.OF,泰信医疗服务A,混合型,混合型-偏股,-5.59,-8.53,-9.22,25.22,36.22,-0.44,455,4766.0,8.681487159831358,5163.0,1.224646000765406,31.6,watch,True,False,False,False,False,True,4.246453213908558,False
013611.OF,工银民瑞一年持有A,混合型,混合型-偏股,-1.85,-2.12,-1.1,2.61,2.75,-1.19,455,3161.0,39.44039862016098,4510.0,13.71986222732492,43.4,watch,True,False,False,False,False,True,112.08242853483038,False
014581.OF,东吴阿尔法C,灵活配置型,混合型-平衡,0.97,0.05,-0.68,29.08,30.7,-0.09,455,177.0,62.7906976744186,405.0,14.587737843551796,36.6,watch,True,False,False,False,False,True,2.906567171531582,False
013550.OF,汇添富品牌价值一年持有A,混合型,混合型-偏股,-8.34,-8.52,-6.56,13.89,17.36,-0.62,455,4765.0,8.700651590647757,5050.0,3.386911595866815,43.8,watch,True,False,False,False,False,True,1.56427797,False
013956.OF,华商医药消费精选A,混合型,混合型-偏股,-7.18,-8.49,-3.96,20.87,22.63,-0.29,454,4761.0,8.777309313913372,4857.0,7.07998469192499,43.3,watch,True,False,False,False,False,True,3.644715641722745,False
013867.OF,汇安优势企业精选A,混合型,混合型-偏股,-2.21,-6.91,4.7,17.34,16.02,0.16,455,4514.0,13.510923725565348,1974.0,62.24646000765404,54.5,watch,True,False,False,False,False,True,4.155367240871074,False
013852.OF,中信建投低碳成长C,混合型,混合型-偏股,-2.09,-7.9,5.8,22.39,18.52,0.17,455,4673.0,10.463779225756998,1641.0,68.61844623038652,52.7,watch,True,False,False,False,False,True,4.956851558186675,False
014346.OF,银华消费主题C,混合型,混合型-偏股,-8.07,-6.44,-7.84,12.56,21.39,-0.78,455,4438.0,14.967420467612111,5109.0,2.2579410639112174,39.0,watch,True,False,False,False,False,True,108.27266154830536,False
014243.OF,富国新材料新能源C,混合型,混合型-偏股,-8.15,-13.66,3.22,26.14,28.74,0.05,455,5137.0,1.5714833269451889,2517.0,51.85610409491006,37.2,watch,True,False,False,False,False,True,4.78189425,False
013386.OF,信澳优势价值C,混合型,混合型-偏股,1.61,-11.81,5.76,20.53,18.18,0.18,455,5075.0,2.7596780375622854,1652.0,68.40796019900498,54.0,watch,True,False,False,False,False,True,1.9080374180820059,False
013941.OF,东吴医疗服务C,股票型,主动股票型,-4.04,-7.14,-3.83,27.49,30.34,-0.21,455,447.0,22.83737024221453,502.0,13.321799307958482,36.1,watch,True,False,False,False,False,True,1.7505743779615728,False
013940.OF,东吴医疗服务A,股票型,主动股票型,-4.02,-7.11,-3.79,27.49,30.23,-0.21,455,446.0,23.010380622837367,500.0,13.66782006920415,36.1,watch,True,False,False,False,False,True,161.72775758511878,False
014042.OF,银华心诚C,灵活配置型,混合型-平衡,-8.11,-9.79,-7.82,12.61,16.21,-0.78,455,443.0,6.553911205073993,464.0,2.114164904862581,42.9,watch,True,False,False,False,False,True,3.4344980586551306,False
014282.OF,中信保诚成长动力C,混合型,混合型-偏股,1.69,-4.12,1.71,27.71,18.81,-0.01,455,3926.0,24.779609045611352,3237.0,38.07883658629927,50.6,watch,True,False,False,False,False,True,3.8374910693186575,False
014280.OF,汇添富北交所创新精选两年定开C,混合型,混合型-偏股,-10.19,-10.8,2.5,26.32,21.51,0.02,455,5024.0,3.737064009198932,2841.0,45.65633371603521,41.0,watch,True,False,False,False,False,True,3.7008436186345492,False
014277.OF,万家北交所慧选两年定开A,混合型,混合型-偏股,3.87,5.18,-18.61,46.91,31.14,-0.44,121,249.0,95.24722115753164,5225.0,0.0382701875239144,26.9,watch,True,False,False,False,False,True,2.1506146450574404,False
014271.OF,大成北交所两年定开A,混合型,混合型-偏股,-5.41,-10.18,-0.53,20.16,20.43,-0.13,455,4963.0,4.906094288999618,4390.0,16.016073478760052,48.2,watch,True,False,False,False,False,True,214.01506108441865,False
012523.OF,国联高质量成长A,混合型,混合型-偏股,-6.83,-11.65,-10.46,18.75,20.11,-0.66,455,5064.0,2.970486776542736,5183.0,0.8419441255262172,40.9,watch,True,False,False,False,False,True,3.4717357947655545,False
013079.OF,方正富邦策略轮动C,混合型,混合型-偏股,-2.39,-4.82,0.59,9.36,7.57,-0.15,454,4091.0,21.61747796090456,3944.0,24.55032529659396,57.3,watch,True,False,False,False,False,True,3.309007981459361,False
014043.OF,银华心怡C,灵活配置型,混合型-平衡,-7.6,-9.59,-7.97,12.52,15.87,-0.8,455,439.0,7.3995771670190225,465.0,1.9027484143763207,42.9,watch,True,False,False,False,False,True,2.653824170939449,False
013962.OF,华夏创新视野一年持有A,混合型,混合型-偏股,-5.29,-6.72,4.58,16.21,14.35,0.16,455,4481.0,14.143349942506712,2013.0,61.50019135093763,55.8,watch,True,False,False,False,False,True,2.9456590505109363,False
012893.OF,安信优质企业三年持有C,混合型,混合型-偏股,-4.49,-5.79,-2.26,16.37,16.97,-0.26,455,4330.0,17.03717899578383,4670.0,10.6582472254114,48.8,watch,True,False,False,False,False,True,332.3741500852061,False
013465.OF,博时智选量化多因子A,股票型,主动股票型,-4.76,-10.89,-0.2,18.93,22.11,-0.12,455,546.0,5.709342560553631,438.0,24.394463667820062,48.4,watch,True,False,False,False,False,True,1.229269056835647,False
013850.OF,同泰优选配置3个月持有C,混合型,混合型-偏股,-4.29,-7.65,2.75,12.75,13.35,0.06,451,4638.0,11.134534304331156,2732.0,47.74205893608878,51.9,watch,True,False,False,False,False,True,4.90120792713081,False
013381.OF,中欧甄选3个月持有A,混合型,混合型-偏股,-6.14,-5.52,-2.46,11.94,12.43,-0.37,440,4266.0,18.263702568033725,4700.0,10.084194412552616,51.0,watch,True,False,False,False,False,True,259.51425936021343,False
012073.OF,华安均衡优选A,混合型,混合型-偏股,-4.08,-4.82,4.71,20.14,18.17,0.13,455,4088.0,21.67497125335378,1970.0,62.32300038270188,52.0,watch,True,False,False,False,False,True,488.93641200345513,False
013393.OF,信澳价值精选A,混合型,混合型-偏股,1.74,-11.5,6.06,19.92,18.21,0.2,455,5060.0,3.047144499808352,1583.0,69.72828166858018,55.0,watch,True,False,False,False,False,True,2.4397937685605924,False
013289.OF,工银食品饮料行业A,混合型,混合型-偏股,-5.02,-4.61,-4.82,11.32,11.92,-0.6,455,4038.0,22.63319279417402,4933.0,5.625717566016075,48.4,watch,True,False,False,False,False,True,4.825303580878923,False
011969.OF,建信港股通精选A,混合型,混合型-偏股,-6.16,-6.17,-4.35,18.41,21.29,-0.35,455,4398.0,15.7339977002683,4891.0,6.429391504018367,44.0,watch,True,False,False,False,False,True,2.270307153338227,False
013339.OF,创金合信芯片产业A,股票型,主动股票型,-2.42,-7.66,4.99,24.36,19.48,0.12,455,456.0,21.280276816609,301.0,48.0968858131488,46.6,watch,True,False,False,False,False,True,2.4558360955238943,False
013024.OF,平安均衡优选1年持有C,混合型,混合型-偏股,-4.47,-5.71,1.1,9.46,8.83,-0.1,455,4304.0,17.535454197010345,3618.0,30.788365862992727,59.0,watch,True,False,False,False,False,True,3.9457699628621197,False
013396.OF,华夏新能源车龙头C,混合型,混合型-偏股,-3.29,-4.85,3.59,17.97,16.2,0.09,455,4100.0,21.44499808355692,2371.0,54.64982778415615,51.5,watch,True,False,False,False,False,True,3.0044572400000003,False
013395.OF,华夏新能源车龙头A,混合型,混合型-偏股,-3.25,-4.78,3.71,17.97,16.16,0.1,455,4075.0,21.92410885396704,2329.0,55.45350172215844,51.8,watch,True,False,False,False,False,True,1.7873360755000727,False
012972.OF,东吴消费成长C,混合型,混合型-偏股,-7.74,-7.13,-6.21,12.67,21.14,-0.65,455,4571.0,12.41855116903028,5026.0,3.846153846153844,40.7,watch,True,False,False,False,False,True,2.769275135151379,False
012407.OF,永赢长远价值C,混合型,混合型-偏股,-2.38,-5.4,5.43,14.97,10.64,0.23,455,4248.0,18.608662322729018,1754.0,66.45618063528511,61.6,watch,True,False,False,False,False,True,215.55891953701646,False
012406.OF,永赢长远价值A,混合型,混合型-偏股,-2.37,-5.38,5.48,14.98,10.63,0.23,455,4242.0,18.72364890762744,1737.0,66.78147722923842,61.7,watch,True,False,False,False,False,True,1.5988346210665956,False
012144.OF,新沃内需增长C,混合型,混合型-偏股,-2.97,-10.01,-2.32,15.79,17.12,-0.27,455,4947.0,5.212725182062094,4682.0,10.428626100267891,48.5,watch,True,False,False,False,False,True,2.8295085378500437,False
013426.OF,贝莱德中国新视野A,混合型,混合型-偏股,-2.26,-2.33,-1.05,12.57,16.51,-0.24,454,3264.0,37.466462246071295,4499.0,13.93034825870647,49.8,watch,True,False,False,False,False,True,2.4368892881306055,False
013220.OF,中欧新兴价值一年持有A,混合型,混合型-偏股,-4.98,-3.31,-4.78,12.41,12.16,-0.55,455,3667.0,29.743196627060176,4930.0,5.683122847301947,48.7,watch,True,False,False,False,False,True,198.2656834856198,False
012988.OF,嘉合锦明C,混合型,混合型-偏股,-3.37,-12.75,2.74,21.95,20.13,0.03,455,5117.0,1.9547719432732813,2738.0,47.62724837351703,44.9,watch,True,False,False,False,False,True,2.2589780494041607,False
013049.OF,兴业能源革新A,股票型,主动股票型,-3.18,-7.5,2.07,20.04,15.08,0.0,455,451.0,22.14532871972317,383.0,33.910034602076124,46.9,watch,True,False,False,False,False,True,2.323980743254854,False
012477.OF,富国匠心精选12个月持有A,混合型,混合型-偏股,0.52,-2.49,-1.91,24.67,17.28,-0.16,455,3326.0,36.2782675354542,4628.0,11.461921163413702,47.3,watch,True,False,False,False,False,True,1.8245478445088033,False
012690.OF,广发消费领先A,混合型,混合型-偏股,-6.67,-8.14,-0.51,14.4,16.1,-0.17,455,4708.0,9.793024147182829,4382.0,16.16915422885572,51.2,watch,True,False,False,False,False,True,3.69060812545783,False
011978.OF,格林研究优选C,混合型,混合型-偏股,-2.35,-5.34,2.97,17.39,12.89,0.06,455,4234.0,18.87696435415868,2625.0,49.78951396861845,52.7,watch,True,False,False,False,False,True,4.411782656370922,False
011876.OF,景顺长城医疗健康A,混合型,混合型-偏股,-5.65,-7.66,-6.28,24.91,37.33,-0.33,455,4639.0,11.11536987351476,5035.0,3.673938002296208,33.0,watch,True,False,False,False,False,True,2.50764203,False
012068.OF,嘉实蓝筹优势C,混合型,混合型-偏股,-6.34,-6.82,-2.49,13.44,14.63,-0.33,455,4501.0,13.760061326178608,4703.0,10.026789131266744,49.7,watch,True,False,False,False,False,True,3.5571450569563754,False
012067.OF,嘉实蓝筹优势A,混合型,混合型-偏股,-6.31,-6.76,-2.37,13.45,14.6,-0.32,455,4487.0,14.028363357608276,4689.0,10.29468044393418,49.9,watch,True,False,False,False,False,True,2.890005260622681,False
012227.OF,景顺长城港股通全球竞争力A,混合型,混合型-偏股,-4.83,-4.62,1.9,16.54,19.82,-0.01,455,4039.0,22.61402836335761,3122.0,40.279372368924605,54.1,watch,True,False,False,False,False,True,3.4306956020214856,False
012064.OF,圆信永丰兴诺一年持有,灵活配置型,混合型-平衡,-7.6,-12.43,0.1,18.96,18.1,-0.1,455,461.0,2.748414376321351,389.0,17.97040169133193,50.6,watch,True,False,False,False,False,True,2.2764869103860566,False
012584.OF,南方中国新兴经济9个月持有A,混合型,混合型-偏股,-6.98,-7.49,-0.98,19.7,19.86,-0.15,444,4617.0,11.53698735147566,4490.0,14.102564102564108,48.2,watch,True,False,False,False,False,True,4.566655614925979,False
013224.OF,浦银安盛港股通量化优选C,灵活配置型,混合型-平衡,-7.44,-14.49,-7.8,22.7,25.64,-0.43,455,467.0,1.4799154334038,463.0,2.3255813953488413,38.0,watch,True,False,False,False,False,True,4.801604880810893,False
012061.OF,富国全球消费精选美元,混合型,混合型-偏股,-6.51,-4.3,1.88,14.2,12.09,-0.01,444,3961.0,24.10885396703718,3135.0,40.030616150019135,60.1,watch,True,False,False,False,False,True,4.3841922038279995,False
013183.OF,浦银安盛医疗健康C,灵活配置型,混合型-平衡,-2.66,-5.15,0.14,20.34,23.13,-0.09,455,379.0,20.08456659619451,388.0,18.181818181818176,46.8,watch,True,False,False,False,False,True,4.899999785377091,False
011644.OF,嘉实时代先锋三年持有C,混合型,混合型-偏股,-6.6,-7.32,-3.23,17.59,16.08,-0.3,455,4591.0,12.035262552702186,4790.0,8.362035973976267,48.7,watch,True,False,False,False,False,True,1.4973923626369225,False
012269.OF,浙商智多享稳健C,混合型,混合型-偏股,-1.49,-0.8,-0.84,2.15,2.32,-1.32,455,2440.0,53.257953238788815,4462.0,14.638346727898966,43.3,watch,True,False,False,False,False,True,1.1066454382438162,False
012672.OF,嘉实核心蓝筹C,混合型,混合型-偏股,-6.2,-8.84,1.25,15.38,14.57,-0.05,455,4808.0,7.876581065542354,3512.0,32.81668580176043,56.4,watch,True,False,False,False,False,True,4.112629481562703,False
012583.OF,交银品质增长一年持有C,混合型,混合型-偏股,-8.06,-6.37,-6.66,12.02,18.26,-0.72,455,4430.0,15.120735914143346,5058.0,3.233830845771146,42.1,watch,True,False,False,False,False,True,1.3931262551000683,False
011705.OF,东方阿尔法产业先锋C,混合型,混合型-偏股,-4.58,-10.04,4.32,24.9,17.77,0.09,455,4949.0,5.174396320429286,2113.0,59.58668197474169,48.7,watch,True,False,False,False,False,True,2.019932303379566,False
011704.OF,东方阿尔法产业先锋A,混合型,混合型-偏股,-4.56,-10.0,4.41,24.91,17.74,0.1,455,4946.0,5.2318896128784935,2075.0,60.31381553769614,49.0,watch,True,False,False,False,False,True,3.155968630077704,False
012388.OF,国金ESG持续增长C,混合型,混合型-偏股,-1.74,-4.92,4.17,17.42,17.83,0.12,455,4132.0,20.83173629743197,2168.0,58.53425181783392,51.5,watch,True,False,False,False,False,True,266.77200533173385,False
012542.OF,金鹰产业升级C,混合型,混合型-偏股,-4.37,-8.2,2.92,20.09,21.54,0.05,455,4723.0,9.50555768493676,2655.0,49.21546115575966,45.4,watch,True,False,False,False,False,True,2.2405733719227805,False
013045.OF,富国内需增长C,混合型,混合型-偏股,-7.13,-8.35,-7.87,12.64,21.35,-0.78,455,4743.0,9.122269068608658,5113.0,2.181400688863377,39.0,watch,True,False,False,False,False,True,1.9389713911330093,False
012096.OF,鑫元鑫动力A,混合型,混合型-偏股,-4.13,-9.34,-2.23,17.34,16.82,-0.24,455,4871.0,6.669221924108859,4665.0,10.753922694221195,49.1,watch,True,False,False,False,False,True,1.1375127039975035,False
012358.OF,汇丰晋信医疗先锋A,混合型,混合型-偏股,-8.22,-9.05,-5.82,27.52,29.51,-0.28,455,4835.0,7.359141433499428,4998.0,4.381936471488713,34.5,watch,True,False,False,False,False,True,4.828614823655437,False
012366.OF,摩根安荣回报A,混合型,混合型-偏股,-2.0,-2.81,-1.36,3.33,4.14,-1.01,455,3468.0,33.55691835952472,4556.0,12.839647914274776,43.6,watch,True,False,False,False,False,True,4.389714085847843,False
012847.OF,诺安积极回报C,灵活配置型,混合型-平衡,-4.54,-10.52,9.82,22.92,23.28,0.34,455,447.0,5.708245243128962,100.0,79.06976744186046,54.3,watch,True,False,False,False,False,True,2.411556324171757,False
012428.OF,华夏核心制造A,混合型,混合型-偏股,-5.32,-10.08,-5.2,19.83,22.29,-0.36,455,4952.0,5.116903027980069,4949.0,5.319556065824727,43.0,watch,True,False,False,False,False,True,148.29334702385722,False
012210.OF,申万菱信智能汽车A,股票型,主动股票型,-5.25,-12.07,-4.95,20.01,20.64,-0.35,455,556.0,3.979238754325265,512.0,11.591695501730104,45.3,watch,True,False,False,False,False,True,2.45719822,False
011373.OF,招商前沿医疗保健A,股票型,主动股票型,-7.63,-10.38,-0.1,22.63,19.39,-0.09,455,534.0,7.785467128027679,434.0,25.086505190311414,49.5,watch,True,False,False,False,False,True,2.3200272181464463,False
011276.OF,交银成长动力一年持有C,混合型,混合型-偏股,-9.27,-9.83,-6.22,14.33,20.22,-0.57,455,4931.0,5.519356075124571,5029.0,3.788748564867972,42.2,watch,True,False,False,False,False,True,2.776198408805679,False
011331.OF,鹏华远见成长A,混合型,混合型-偏股,-4.93,-7.76,3.13,18.96,16.26,0.06,455,4653.0,10.847067842085089,2552.0,51.18637581324148,50.1,watch,True,False,False,False,False,True,2.416179431904005,False
012200.OF,新华鑫科技3个月滚动持有A,灵活配置型,混合型-平衡,-3.48,-9.75,11.37,25.57,19.82,0.37,455,440.0,7.188160676532773,76.0,84.14376321353065,57.7,watch,True,False,False,False,False,True,1.440112568916621,False
011599.OF,国联安匠心科技1个月滚动持有,混合型,混合型-偏股,-1.29,-6.88,11.56,24.89,23.32,0.38,455,4507.0,13.645074741280183,688.0,86.85419058553387,55.7,watch,True,False,False,False,False,True,243.9341109420396,False
011418.OF,汇添富消费精选两年持有A,股票型,主动股票型,-5.64,-5.71,-6.72,12.91,13.67,-0.67,455,410.0,29.23875432525952,540.0,6.747404844290661,46.6,watch,True,False,False,False,False,True,2.6597598427297204,False
011419.OF,汇添富消费精选两年持有C,股票型,主动股票型,-5.66,-5.76,-6.78,12.93,13.69,-0.68,455,416.0,28.20069204152249,541.0,6.57439446366782,46.4,watch,True,False,False,False,False,True,1.498163357133191,False
011927.OF,博时汇誉回报A,灵活配置型,混合型-平衡,-0.72,-0.54,-4.56,4.0,8.63,-1.64,455,223.0,53.06553911205074,447.0,5.708245243128962,42.9,watch,True,False,False,False,False,True,2.835540685354986,False
011851.OF,天弘先进制造A,混合型,混合型-偏股,-1.24,-4.93,8.89,16.82,16.39,0.41,454,4134.0,20.79340743579916,1050.0,79.92728664370455,63.1,watch,True,False,False,False,False,True,2.257413451316915,False
011856.OF,安信均衡成长18个月持有A,混合型,混合型-偏股,-4.72,-4.37,-3.51,15.32,17.7,-0.36,455,3977.0,23.802223073974705,4805.0,8.075009567546875,46.8,watch,True,False,False,False,False,True,117.46311008159694,False
011724.OF,东方红启恒三年持有B,混合型,混合型-偏股,-3.94,-4.15,2.64,12.93,11.79,0.05,455,3936.0,24.587964737447297,2777.0,46.88097971680061,52.8,watch,True,False,False,False,False,True,2.5512572675735266,False
004658.OF,金鹰民富收益C,混合型,混合型-偏股,-0.81,-3.17,-2.66,6.85,5.38,-0.68,455,3630.0,30.452280567267152,4728.0,9.54841178721776,48.1,watch,True,False,False,False,False,True,312.19658742437986,False
011598.OF,信澳医药健康A,混合型,混合型-偏股,-8.45,-8.52,4.16,20.66,14.62,0.1,455,4764.0,8.719816021464165,2174.0,58.41944125526215,53.4,watch,True,False,False,False,False,True,4.436270481235993,False
011002.OF,同泰大健康主题A,混合型,混合型-偏股,-2.06,-5.77,-7.84,24.61,37.62,-0.4,455,4325.0,17.133001149865844,5110.0,2.238805970149249,32.1,watch,True,False,False,False,False,True,2.7188679327920524,False
011815.OF,恒越优势精选A,混合型,混合型-偏股,1.75,-4.68,-0.27,26.24,21.63,-0.09,455,4054.0,22.326561901111543,4316.0,17.43207041714504,44.9,watch,True,False,False,False,False,True,2.34863616,False
010676.OF,光大新机遇A,混合型,混合型-偏股,-7.24,-13.03,0.46,19.3,16.7,-0.08,455,5124.0,1.8206209275584475,4035.0,22.80903176425565,52.7,watch,True,False,False,False,False,True,2.3212131020721656,False
011601.OF,前海开源公共卫生主题精选A,股票型,主动股票型,-7.07,-8.7,-3.71,25.88,24.2,-0.22,455,491.0,15.22491349480969,497.0,14.18685121107266,41.3,watch,True,False,False,False,False,True,4.084608541234672,False
011827.OF,汇添富健康生活一年持有C,混合型,混合型-偏股,-7.98,-7.46,-8.66,27.07,30.8,-0.39,455,4616.0,11.556151782292067,5152.0,1.4351320321469574,32.6,watch,True,False,False,False,False,True,1.748291916229375,False
011826.OF,汇添富健康生活一年持有A,混合型,混合型-偏股,-7.95,-7.41,-8.58,27.07,30.66,-0.39,455,4606.0,11.74779609045611,5150.0,1.4734022196708718,32.6,watch,True,False,False,False,False,True,2.0656964869958707,False
011871.OF,前海开源沪港深优势精选C,灵活配置型,混合型-平衡,-6.35,-10.83,-5.51,16.53,16.89,-0.45,455,450.0,5.073995771670193,456.0,3.8054968287526414,45.9,watch,True,False,False,False,False,True,4.477111936526405,False
011550.OF,湘财创新成长一年持有A,混合型,混合型-偏股,-2.15,-7.04,5.37,20.08,17.72,0.17,455,4542.0,12.974319662706012,1787.0,65.82472254114045,54.0,watch,True,False,False,False,False,True,2.2730121408260158,False
011502.OF,方正富邦汇福一年定开C,灵活配置型,混合型-平衡,-1.99,-5.49,3.12,9.77,9.12,0.11,454,390.0,17.758985200845668,259.0,45.45454545454546,55.6,watch,True,False,False,False,False,True,1.9653215081397266,False
011160.OF,富国质量成长6个月持有A,混合型,混合型-偏股,0.1,-6.24,1.44,21.95,23.83,-0.03,455,4411.0,15.48486009965504,3409.0,34.78760045924225,48.9,watch,True,False,False,False,False,True,4.1694406452215365,False
010912.OF,国泰成长价值A,混合型,混合型-偏股,-4.17,-12.08,-2.94,24.41,19.89,-0.2,455,5085.0,2.5680337293982336,4764.0,8.859548411787221,44.7,watch,True,False,False,False,False,True,1.2864293505952493,False
010732.OF,广发创新医疗两年持有C,混合型,混合型-偏股,-6.67,-8.65,8.85,25.37,20.68,0.27,455,4787.0,8.279034112686857,1063.0,79.67853042479909,53.8,watch,True,False,False,False,False,True,3.8188820822268736,False
011153.OF,华宝新兴消费A,混合型,混合型-偏股,-5.92,-4.0,-7.86,13.51,19.33,-0.73,455,3878.0,25.69950172479878,5111.0,2.219670876387292,41.0,watch,True,False,False,False,False,True,2.026464449775345,False
011395.OF,博时恒元6个月持有A,混合型,混合型-偏股,-0.42,-2.12,-1.91,2.92,5.08,-1.34,455,3163.0,39.40206975852817,4627.0,11.48105625717566,43.2,watch,True,False,False,False,False,True,143.2487211426322,False
011487.OF,博时创新精选C,混合型,混合型-偏股,-0.43,-6.49,0.83,23.99,24.37,-0.05,455,4446.0,14.81410502108087,3795.0,27.40145426712592,46.0,watch,True,False,False,False,False,True,3.6767597796254945,False
011567.OF,富国消费升级C,混合型,混合型-偏股,-4.12,-5.74,0.09,16.0,13.21,-0.12,455,4318.0,17.26715216558068,4200.0,19.651741293532343,54.4,watch,True,False,False,False,False,True,3.1998449967609495,False
011391.OF,民生加银新战略C,灵活配置型,混合型-平衡,-1.87,-4.53,4.83,13.74,14.47,0.21,455,367.0,22.6215644820296,209.0,56.02536997885835,55.9,watch,True,False,False,False,False,True,1.8171133161275799,False
011466.OF,兴业医疗保健A,混合型,混合型-偏股,-4.52,-5.47,1.7,17.27,14.93,-0.02,455,4261.0,18.35952472211575,3247.0,37.88748564867967,57.4,watch,True,False,False,False,False,True,3.78215874,False
011173.OF,银华心享一年持有,混合型,混合型-偏股,-5.2,-5.08,-1.8,12.62,14.84,-0.3,455,4182.0,19.873514756611733,4613.0,11.748947569843091,50.1,watch,True,False,False,False,False,True,1.9980249422789123,False
011421.OF,广发全球科技三个月定开A美元,混合型,混合型-偏股,-1.88,-2.69,-1.57,16.18,20.3,-0.22,444,3411.0,34.6492909160598,4581.0,12.361270570225791,46.9,watch,True,False,False,False,False,True,2.1985721080772214,False
