ts_code,name,invest_type,category,fund_scale,scale_status,return_3m,return_6m,return_1y,quality_score,percentile_6m,percentile_1y,stock_ratio_4q_avg,is_core,is_watch,is_backup
026472.OF,益民创新优势C,混合型,混合型-偏股,2.2372234335227894,watch,-5.44,-7.54,1.95,52.4,11.441165197393632,40.96823574435516,,False,False,True
026273.OF,平安数字经济精选A,混合型,混合型-偏股,2.2040623415796867,watch,-3.8,-13.92,-12.9,36.8,1.4373323112303549,0.3061615001913487,,False,False,True
026274.OF,平安数字经济精选C,混合型,混合型-偏股,3.0612021769413413,watch,-3.81,-13.96,-12.96,36.7,1.3990034495975467,0.2870264064293915,,False,False,True
024590.OF,中欧港股通机遇A,混合型,混合型-偏股,3.4237857566600005,watch,-8.71,-6.93,-4.04,52.2,13.453430433116132,6.869498660543439,,False,False,True
024591.OF,中欧港股通机遇C,混合型,混合型-偏股,2.8150713849224838,watch,-8.72,-6.95,-4.11,52.1,13.395937140666923,6.735553004209716,,False,False,True
026324.OF,广发消费智选C,混合型,混合型-偏股,2.066329017815994,watch,-7.52,-8.04,-4.48,51.3,10.042161747796088,6.238040566398773,,False,False,True
025702.OF,惠升均衡回报A,混合型,混合型-偏股,4.617288723903635,watch,-2.83,-6.02,1.11,59.9,16.404752778842468,30.84577114427861,,False,False,True
025871.OF,圆信永丰沪港深消费精选C,混合型,混合型-偏股,4.651860638763061,watch,-6.29,-6.97,-6.6,43.8,13.28095055576849,3.329506314580944,,False,False,True
025870.OF,圆信永丰沪港深消费精选A,混合型,混合型-偏股,117.1462414781317,watch,-6.28,-6.96,-6.58,43.8,13.338443848217707,3.3486414083429006,,False,False,True
025222.OF,创金合信弘科A,混合型,混合型-偏股,1.2183220480949266,watch,-3.25,-6.53,9.11,65.1,14.699118436182443,80.57787983161117,,False,False,True
025846.OF,华安消费智选C,混合型,混合型-偏股,2.781423425652679,watch,-6.48,-5.92,-2.57,53.3,16.673054810272138,9.854573287409108,,False,False,True
024818.OF,中欧医药生物A,混合型,混合型-偏股,1.7700718137919995,watch,-7.63,-9.17,-8.11,44.0,6.975852817171335,1.9900497512437831,,False,False,True
025589.OF,光大阳光香港精选C,混合型,混合型-偏股,2.761182822901914,watch,-7.66,-7.09,-4.15,51.3,12.629359908010729,6.678147722923844,,False,False,True
025588.OF,光大阳光香港精选美元A,混合型,混合型-偏股,2.497904210020176,watch,-6.94,-5.58,-1.9,54.2,18.11038712150249,11.500191350937616,,False,False,True
025940.OF,浦银安盛港股通消费A,混合型,混合型-偏股,114.31175551056045,watch,-8.97,-8.55,-7.7,47.8,8.585665005749332,2.391886720244929,,False,False,True
025667.OF,银华鑫禾C,混合型,混合型-偏股,4.576926294278815,watch,-4.66,-4.11,-4.3,51.4,24.83710233806056,6.544202066590121,,False,False,True
024841.OF,信澳高端装备A,混合型,混合型-偏股,2.332164388388085,watch,0.12,-5.71,9.61,66.7,17.420467612111924,81.89820130118638,,False,False,True
025884.OF,东方城镇消费主题C,混合型,混合型-偏股,1240.5099062431043,watch,-14.12,-17.85,-14.68,36.6,0.402453047144502,0.1530807500956799,,False,False,True
025855.OF,中信保诚消费机遇C,混合型,混合型-偏股,159.6099309680393,watch,-7.68,-5.71,-2.43,52.1,17.554618627826756,10.160734787600456,,False,False,True
025860.OF,万家泓裕成长驱动A,混合型,混合型-偏股,2.885344522957726,watch,-1.72,-6.58,10.26,64.3,14.526638558834804,83.81171067738232,,False,False,True
025647.OF,平安高端装备C,混合型,混合型-偏股,155.490935359973,watch,1.27,-10.9,19.89,67.8,3.507090839402072,97.22541140451588,,False,False,True
025341.OF,鹏华制造升级C,混合型,混合型-偏股,4.505081522466226,watch,-5.49,-15.99,-5.85,42.8,0.6515906477577604,4.2862610026789145,,False,False,True
024356.OF,国泰启明回报,混合型,混合型-偏股,2.837642678328466,watch,-2.86,-7.05,-4.79,44.7,12.916826370256809,5.644852659778032,,False,False,True
025071.OF,东方红医疗创新C,混合型,混合型-偏股,161.38921773910056,watch,-6.17,-6.74,-8.12,43.6,14.047527788424684,1.9517795637198576,,False,False,True
025572.OF,银华科技创新C,混合型,混合型-偏股,168.63953700089994,watch,-2.68,-5.08,-0.87,55.5,19.89267918742813,14.580941446613094,,False,False,True
025471.OF,华西研究精选C,混合型,混合型-偏股,2.498573956127644,watch,-6.14,-7.44,1.2,53.3,11.613645074741283,32.166092613853806,,False,False,True
024683.OF,东海价值臻选A,混合型,混合型-偏股,109.70012634639386,watch,-3.84,-1.94,-3.28,48.6,40.85856650057493,8.304630692690395,,False,False,True
025472.OF,华西优选成长一年持有C,混合型,混合型-偏股,1.5593024363804673,watch,-5.67,-11.3,-2.69,43.8,3.066308930624761,9.471871412169918,,False,False,True
025002.OF,交银产业臻选,混合型,混合型-偏股,3.5173547411196773,watch,-9.13,-8.19,-4.78,48.5,9.582215408202376,5.66398775353999,,False,False,True
023434.OF,金元顺安乾利C,混合型,混合型-偏股,2.893730583121214,watch,-2.01,-6.01,5.09,63.0,16.423917209658878,64.19823957137389,,False,False,True
025022.OF,浦银安盛医疗创新A,混合型,混合型-偏股,4.915429354125667,watch,-6.39,-7.62,-2.82,42.0,11.230356458413182,9.108304630692688,,False,False,True
025023.OF,浦银安盛医疗创新C,混合型,混合型-偏股,2.21066980430768,watch,-6.37,-7.63,-2.86,41.9,11.192027596780374,9.01262916188289,,False,False,True
024088.OF,百嘉科技创新C,混合型,混合型-偏股,4.333861553846488,watch,-6.44,-10.33,0.01,52.2,4.6569566883863605,19.02028319938768,,False,False,True
025017.OF,华富医疗创新A,混合型,混合型-偏股,2.317850674440682,watch,-7.1,-9.27,-8.1,33.8,6.822537370640092,2.0283199387676976,,False,False,True
025018.OF,华富医疗创新C,混合型,混合型-偏股,120.45785835450438,watch,-7.12,-9.31,-8.17,33.7,6.707550785741667,1.9135093761959432,,False,False,True
024501.OF,招商科技智选A,混合型,混合型-偏股,4.682001518685178,watch,-3.45,-9.39,-7.25,43.5,6.573399770026834,2.812858783008032,,False,False,True
024486.OF,东吴裕盈平衡E,混合型,混合型-偏股,2.7357738960869287,watch,-1.73,-2.97,-3.79,47.8,32.272901494825604,7.520091848450061,,False,False,True
024052.OF,工银科技先锋A,混合型,混合型-偏股,1.4412859001307805,watch,-1.37,-6.23,-2.02,50.4,15.542353392104255,11.17489475698431,,False,False,True
024485.OF,东吴裕盈平衡D,混合型,混合型-偏股,229.27046477790387,watch,-1.77,-3.03,-3.9,47.6,31.736297431966275,7.23306544202067,,False,False,True
023174.OF,兴华景成C,混合型,混合型-偏股,3.616384427116169,watch,3.93,-2.42,-8.31,43.6,36.872364890762746,1.7030233448143917,,False,False,True
024598.OF,兴业医疗创新A,混合型,混合型-偏股,3.228988432883344,watch,-5.94,-5.99,-5.82,39.7,16.462246071291688,4.362801377726755,,False,False,True
024358.OF,东方阿尔法健康产业C,混合型,混合型-偏股,3.765771172089534,watch,-7.21,-9.69,-11.05,30.4,5.96013798390188,0.6697282816685801,,False,False,True
024380.OF,平安港股通医疗创新精选C,混合型,混合型-偏股,1.5791704458920446,watch,-7.8,-8.86,-5.23,34.5,7.838252203909546,5.262150784538844,,False,False,True
024423.OF,东方阿尔法科技优选A,混合型,混合型-偏股,4.023370984770444,watch,-1.58,-8.42,5.7,52.6,8.968953622077425,68.02525832376578,,False,False,True
024424.OF,东方阿尔法科技优选C,混合型,混合型-偏股,2.406030931032057,watch,-1.6,-8.46,5.61,52.3,8.853967037179,67.50861079219288,,False,False,True
024023.OF,申万菱信行业精选A,混合型,混合型-偏股,107.22594778669792,watch,-1.02,-12.03,-3.03,42.2,2.6063625910310417,8.668197474167627,,False,False,True
024160.OF,大成港股通机遇C,混合型,混合型-偏股,2.6324150874221925,watch,-7.48,-6.24,0.27,56.4,15.50402453047145,21.125143513203216,,False,False,True
024159.OF,大成港股通机遇A,混合型,混合型-偏股,3.3292003882522665,watch,-7.43,-6.17,0.42,56.8,15.753162131084707,22.44546498277841,,False,False,True
017026.OF,鑫元鑫领航A,混合型,混合型-偏股,3.166837874553111,watch,-0.87,-10.07,-4.69,48.8,5.136067458796479,5.855338691159584,,False,False,True
023948.OF,银华品质消费C,股票型,主动股票型,105.11481276906989,watch,-8.21,-7.56,-5.92,41.0,21.79930795847751,9.342560553633216,,False,False,True
023907.OF,富国全球健康生活人民币C,混合型,混合型-偏股,135.94432766456168,watch,-11.1,-8.3,-6.67,42.7,9.218091222690685,3.214695752009189,,False,False,True
023632.OF,景顺长城新兴产业A,混合型,混合型-偏股,104.94846668694696,watch,0.64,-5.28,-5.55,47.7,19.126101954771947,4.822043628013772,,False,False,True
023753.OF,永赢信息产业智选A,混合型,混合型-偏股,111.72592688156443,watch,-11.14,-14.66,14.58,55.9,1.1307014181678787,92.59471871412173,,False,False,True
022492.OF,金元顺安鑫怡A,混合型,混合型-偏股,111.71649809989977,watch,-1.44,-3.71,-4.27,48.8,27.44346492909161,6.601607347876004,,False,False,True
022493.OF,金元顺安鑫怡C,混合型,混合型-偏股,3.373322893616208,watch,-1.46,-3.75,-4.34,48.8,27.041011881947107,6.448526597780324,,False,False,True
023397.OF,尚正研究睿选A,混合型,混合型-偏股,1.2618149523060274,watch,-3.89,-8.37,7.54,58.7,9.06477577615945,75.35399923459624,,False,False,True
022321.OF,汇添富弘瑞回报C,混合型,混合型-偏股,105.34322536679224,watch,-4.19,-6.15,11.84,67.4,15.868148715983132,87.65786452353616,,False,False,True
022335.OF,广发产业甄选C,混合型,混合型-偏股,3.570297486108193,watch,-2.5,-8.48,5.31,58.8,8.81563817554618,65.32721010332952,,False,False,True
023176.OF,中邮沪港深精选C,混合型,混合型-偏股,2.7984934096743457,watch,-10.06,-13.97,-9.86,38.4,1.3606745879647386,1.0907003444316832,,False,False,True
019137.OF,交银启合C,混合型,混合型-偏股,2.792313941572852,watch,-2.99,-5.8,4.58,58.9,16.998850134151013,61.5575966322235,,False,False,True
021627.OF,华富半导体产业C,混合型,混合型-偏股,4.408993279111609,watch,-0.55,-6.17,12.05,63.3,15.695668838635491,88.27018752391886,,False,False,True
021626.OF,华富半导体产业A,混合型,混合型-偏股,3.7073939137131537,watch,-0.52,-6.13,12.14,63.6,15.92564200843235,88.49980864906239,,False,False,True
020849.OF,尚正正泰平衡配置C,混合型,混合型-偏股,1.5975190354377455,watch,-4.3,-5.02,-5.6,42.5,20.199310080490605,4.688097971680061,,False,False,True
020431.OF,华安景气回报C,混合型,混合型-偏股,196.9983686970429,watch,-1.82,-9.16,13.44,64.1,6.995017247987734,91.02564102564102,,False,False,True
020559.OF,工银健康产业C,混合型,混合型-偏股,2.465810251038266,watch,-7.53,-8.13,-3.45,41.9,9.850517439632045,8.170685036356673,,False,False,True
020558.OF,工银健康产业A,混合型,混合型-偏股,1.345214597371809,watch,-7.49,-8.07,-3.33,42.2,9.96550402453047,8.228090317642556,,False,False,True
022039.OF,兴银数字经济智选C,混合型,混合型-偏股,3.241253288964861,watch,-3.67,-6.76,7.32,53.1,13.95170563434266,74.70340604668964,,False,False,True
020420.OF,鹏华科技驱动C,混合型,混合型-偏股,4.1447332084635375,watch,-14.14,-21.06,-6.32,35.4,0.0574932924492177,3.616532721010335,,False,False,True
017655.OF,嘉实价值丰裕A,混合型,混合型-偏股,2.3625594920799684,watch,-2.6,-6.03,1.36,58.3,16.385588348026058,33.94565633371604,,False,False,True
019620.OF,汇安行业优选A,混合型,混合型-偏股,108.98515238030124,watch,-7.7,-8.79,-10.14,34.9,7.953238788807971,0.9376195943360144,,False,False,True
021524.OF,天弘匠心臻选A,混合型,混合型-偏股,4.912809087133968,watch,-4.06,-5.29,0.04,54.7,19.106937523955537,19.21163413700728,,False,False,True
021525.OF,天弘匠心臻选C,混合型,混合型-偏股,2.211845422545623,watch,-4.09,-5.34,-0.08,54.5,18.85779992334228,18.48450057405281,,False,False,True
020408.OF,华商数字经济A,混合型,混合型-偏股,4.450197152784143,watch,-5.98,-8.68,7.18,54.4,8.144883096972022,74.12935323383086,,False,False,True
020554.OF,南方半导体产业C,股票型,主动股票型,1.868143153929313,watch,-0.28,-9.9,5.58,51.8,8.650519031141869,52.42214532871972,,False,False,True
020071.OF,太平先进制造A,混合型,混合型-偏股,1.7538998967504242,watch,-4.58,-9.62,-1.51,48.3,6.075124568800305,12.456946039035588,,False,False,True
019877.OF,广发均衡成长C,混合型,混合型-偏股,3.3650175738276435,watch,-7.02,-7.07,0.3,55.3,12.763510923725562,21.412169919632607,,False,False,True
017603.OF,华夏国企创新C,混合型,混合型-偏股,1.866697878510838,watch,0.53,-5.68,8.51,59.9,17.650440781908785,78.54955989284348,,False,False,True
019864.OF,浦银安盛高端装备A,混合型,混合型-偏股,115.3484251188941,watch,-5.02,-8.59,-3.17,44.2,8.470678420850897,8.41944125526215,,False,False,True
018836.OF,广发成长启航C,混合型,混合型-偏股,3.6723703343209473,watch,-0.76,-6.28,11.25,64.1,15.389037945573014,86.22273249138921,,False,False,True
019916.OF,富国医药创新A,股票型,主动股票型,4.118783147236846,watch,-9.01,-8.29,-7.32,37.3,17.474048442906575,5.536332179930792,,False,False,True
020970.OF,益民品质升级C,灵活配置型,混合型-平衡,2.95989042955395,watch,-1.88,-3.43,-2.93,50.7,28.1183932346723,8.668076109936573,49.68,False,False,True
019392.OF,嘉实匠心严选A,混合型,混合型-偏股,110.58897628050428,watch,-5.01,-9.8,-4.17,45.1,5.615178229206597,6.659012629161887,,False,False,True
019329.OF,国泰金盛回报C,混合型,混合型-偏股,3.440377132869733,watch,-4.08,-5.16,1.51,57.2,19.566883863549258,35.706084959816295,,False,False,True
019574.OF,太平科创精选C,混合型,混合型-偏股,4.003529067280102,watch,-5.53,-9.79,1.74,58.4,5.672671521655803,38.48067355530043,,False,False,True
019783.OF,华安健康主题A,混合型,混合型-偏股,4.428691135319677,watch,-7.22,-9.92,-5.99,36.3,5.404369490226135,4.171450440107161,,False,False,True
020163.OF,华安睿信优选C,混合型,混合型-偏股,2.002378153989976,watch,-6.33,-10.04,3.29,52.9,5.155231889612876,52.58323765786452,,False,False,True
020592.OF,金信多策略精选C,灵活配置型,混合型-平衡,2.118987119392345,watch,-2.34,-9.55,-6.3,40.1,7.610993657505283,3.382663847780132,58.435,False,False,True
020440.OF,东兴数字经济A,混合型,混合型-偏股,1.2837596976952743,watch,-1.56,-7.0,-4.9,33.5,13.165963970870065,5.568312284730192,,False,False,True
020492.OF,万家医药量化选股C,混合型,混合型-偏股,4.686888698641557,watch,-4.33,-7.82,-0.99,52.2,10.751245688003063,14.064293915040182,,False,False,True
016388.OF,汇安均衡成长A,混合型,混合型-偏股,119.27465070384544,watch,-5.11,-10.82,5.48,45.5,3.698735147566112,66.81974741676234,,False,False,True
020132.OF,中邮趋势精选C,灵活配置型,混合型-偏股,1.9808830474869763,watch,-4.15,-5.61,2.78,50.6,17.336152219873146,43.551797040169134,60.9425,False,False,True
019478.OF,中邮医药健康C,混合型,混合型-偏股,1.8203647050308311,watch,-6.85,-8.94,-4.55,41.2,7.665772326561903,6.123230003827018,,False,False,True
019706.OF,鹏扬消费主题C,混合型,混合型-偏股,3.0880151900720247,watch,-5.18,-7.39,-3.07,49.6,11.824453813721735,8.572522005357829,,False,False,True
020437.OF,宝盈医疗健康沪港深C,股票型,主动股票型,2.59050387,watch,-7.51,-6.51,-7.75,33.2,25.778546712802765,4.498269896193774,,False,False,True
020435.OF,金信智能中国2025C,灵活配置型,混合型-偏股,2.908495106521347,watch,-2.69,-0.96,-2.98,49.3,48.837209302325576,8.456659619450313,68.485,False,False,True
020232.OF,嘉实互融精选C,股票型,主动股票型,2.7698172789460207,watch,-9.04,-9.62,-9.13,32.6,10.553633217993074,2.941176470588236,,False,False,True
019781.OF,嘉实创新动力A2,混合型,混合型-偏股,2.9074894949611148,watch,-6.38,-8.91,-4.59,44.6,7.74243004982752,6.008419441255263,,False,False,True
019362.OF,富国核心优势C,混合型,混合型-偏股,127.74255443354072,watch,0.64,-6.23,1.07,48.1,15.523188961287849,30.38652889399158,,False,False,True
019361.OF,富国核心优势A,混合型,混合型-偏股,2.785815047219822,watch,0.68,-6.16,1.19,48.4,15.810655423533928,31.993876769996177,,False,False,True
019903.OF,国寿安保先进制造C,股票型,主动股票型,3.9436878129240975,watch,-1.61,-9.58,9.03,51.5,10.726643598615915,71.280276816609,,False,False,True
015976.OF,光大数字经济A,混合型,混合型-偏股,1.100060482861075,watch,-5.43,-10.57,-5.3,47.6,4.177845917976231,5.204745503252961,,False,False,True
015977.OF,光大数字经济C,混合型,混合型-偏股,2.753547075492448,watch,-5.46,-10.63,-5.39,47.4,4.062859333077807,5.128205128205132,,False,False,True
018991.OF,兴银智选消费C,混合型,混合型-偏股,3.7876454030947406,watch,-6.76,-6.62,-2.85,51.2,14.41165197393638,9.031764255644848,,False,False,True
018753.OF,天弘阿尔法优选C,混合型,混合型-偏股,334.1506859225101,watch,-3.87,-5.17,0.19,55.7,19.528555001916448,20.47455032529659,,False,False,True
019689.OF,南方中国梦C,灵活配置型,混合型-偏股,4.5407676385501325,watch,-2.75,-6.83,0.33,53.7,14.376321353065537,21.35306553911205,76.0,False,False,True
018052.OF,鹏扬医疗健康A,混合型,混合型-偏股,4.558030253874222,watch,-3.3,-7.42,-7.96,33.7,11.690302798006902,2.0857252200535803,,False,False,True
019748.OF,金鹰周期优选C,灵活配置型,混合型-偏股,2.154102623109122,watch,-4.47,-9.82,-2.09,46.7,6.131078224101483,10.993657505285414,73.42999999999999,False,False,True
019552.OF,东海消费臻选C,混合型,混合型-偏股,3.106200448874831,watch,-5.2,-5.93,-2.69,49.1,16.61556151782292,9.433601224646004,,False,False,True
019225.OF,大成行业轮动C,混合型,混合型-偏股,4.1269479340986726,watch,-2.46,-5.8,6.4,61.0,16.979685703334614,71.06773823191735,,False,False,True
019345.OF,交银医疗健康A,混合型,混合型-偏股,4.29050440293622,watch,-8.18,-10.84,-6.15,37.8,3.679570716749714,3.960964408725598,,False,False,True
018139.OF,中金先进制造A,混合型,混合型-偏股,4.134039922904534,watch,-6.03,-16.81,8.7,45.1,0.4791107704101183,79.16188289322618,,False,False,True
017881.OF,工银精选回报A,混合型,混合型-偏股,2.9535995755765425,watch,-8.74,-8.28,-2.57,52.8,9.25642008432349,9.816303099885191,,False,False,True
018975.OF,中信建投消费升级A,混合型,混合型-偏股,2.75404711833806,watch,-7.58,-8.19,-10.09,37.3,9.601379839018788,0.9567546880979716,,False,False,True
019153.OF,中欧锐意成长A,混合型,混合型-偏股,4.604209466912243,watch,-5.65,-8.01,1.5,52.2,10.137983901878112,35.495598928434745,,False,False,True
019052.OF,华泰柏瑞科技创新C,混合型,混合型-偏股,2.6936753691615034,watch,-2.42,-12.7,13.59,66.4,1.9931008049060888,91.25526215078456,,False,False,True
019273.OF,长城改革红利C,灵活配置型,混合型-偏股,2.373085944580377,watch,-2.64,-8.91,12.56,66.7,8.879492600422834,87.10359408033827,65.32000000000001,False,False,True
018827.OF,鑫元科技创新主题A,混合型,混合型-偏股,2.847933617634019,watch,2.35,-4.99,-2.94,46.6,20.41011881947106,8.821278224263295,,False,False,True
019029.OF,华宝医药生物C,混合型,混合型-偏股,130.54639768869907,watch,-5.31,-6.92,-6.8,35.0,13.49175929474895,3.138155376961349,,False,False,True
018148.OF,百嘉百瑞A,混合型,混合型-偏股,2.135261607451284,watch,-7.84,-12.39,-0.58,47.3,2.2997316979685656,15.767317259854574,,False,False,True
018886.OF,东海数字经济A,混合型,混合型-偏股,133.5934172410437,watch,-3.38,-7.86,1.52,53.5,10.502108087389804,35.820895522388064,,False,False,True
018887.OF,东海数字经济C,混合型,混合型-偏股,508.7222893709479,watch,-3.4,-7.9,1.43,53.3,10.425450364124188,34.73019517795637,,False,False,True
017963.OF,广发医药创新C,混合型,混合型-偏股,3.2869462709752137,watch,-4.59,-12.3,-13.36,29.2,2.3955538520505915,0.248756218905477,,False,False,True
018870.OF,银河产业动力C,混合型,混合型-偏股,1.971020647934482,watch,-2.9,-6.46,3.43,49.4,14.890762744346498,53.539992345962496,,False,False,True
018240.OF,嘉实制造升级A,股票型,主动股票型,2.40318672091496,watch,-6.93,-10.89,8.77,50.6,5.882352941176472,69.55017301038062,,False,False,True
018241.OF,嘉实制造升级C,股票型,主动股票型,1.9604400758577571,watch,-6.97,-10.94,8.69,50.3,5.190311418685123,68.68512110726644,,False,False,True
018819.OF,鑫元数字经济C,混合型,混合型-偏股,1.5701488925590914,watch,-5.47,-6.18,-5.65,46.2,15.676504407819092,4.573287409108307,,False,False,True
018377.OF,融通远见价值一年持有A,混合型,混合型-偏股,2.1391867562457145,watch,-3.08,-5.45,10.15,66.7,18.417018014564967,83.46727898966705,,False,False,True
018446.OF,工银领航三年持有,混合型,混合型-偏股,207.81473663418765,watch,-7.33,-9.13,-2.63,52.2,7.0716749712533495,9.60581706850363,,False,False,True
018329.OF,泉果思源三年持有A,混合型,混合型-偏股,2.6971393918636304,watch,-3.37,-6.32,-0.62,52.7,15.216558068225371,15.595101415996936,,False,False,True
017752.OF,长城创新成长C,混合型,混合型-偏股,4.524501313083401,watch,0.01,-5.7,4.98,45.1,17.573783058643155,63.70072713356296,,False,False,True
018529.OF,华宝大健康C,混合型,混合型-偏股,3.1359553910959197,watch,-7.7,-8.2,-9.14,32.1,9.486393254120353,1.2629161882893205,,False,False,True
018248.OF,中欧致和A,混合型,混合型-偏股,4.008201528266681,watch,-9.63,-15.81,1.54,50.6,0.7090839402069782,35.97397627248373,,False,False,True
017145.OF,华宝海外新能源汽车C,股票型,主动股票型,4.045382819545622,watch,-5.38,-8.78,-13.06,39.0,14.70588235294118,1.038062283737029,,False,False,True
018439.OF,财通资管品质消费C,混合型,混合型-偏股,100.51878053482048,watch,-10.15,-12.41,-9.41,38.5,2.261402836335757,1.1672407194795231,,False,False,True
018045.OF,东方创新医疗A,股票型,主动股票型,4.664374411445979,watch,-9.13,-14.01,-10.95,33.3,2.076124567474047,1.557093425605538,,False,False,True
018049.OF,申万菱信数字产业C,股票型,主动股票型,3.11048043662553,watch,-10.75,-16.86,13.13,57.1,0.519031141868509,86.159169550173,,False,False,True
017932.OF,富达传承6个月C,股票型,主动股票型,3.5288474484168537,watch,-2.52,-13.62,8.45,53.3,2.595155709342556,66.78200692041523,,False,False,True
016390.OF,易米研究精选A,混合型,混合型-偏股,106.8223975770357,watch,-3.37,-4.68,-3.13,50.3,22.36489076274435,8.49598163030999,,False,False,True
018160.OF,国泰创新医疗C,混合型,混合型-偏股,3.286027273619245,watch,-6.73,-10.93,-4.02,40.0,3.4687619777692635,6.92690394182931,,False,False,True
018089.OF,东财远见成长C,混合型,混合型-偏股,3.63182173989272,watch,-7.76,-13.79,5.41,51.7,1.4948256036795726,66.24569460390356,,False,False,True
018073.OF,国泰产业精选A,混合型,混合型-偏股,4.4030802300000005,watch,-5.03,-8.34,-2.91,50.9,9.160597930241476,8.897818599311137,,False,False,True
017723.OF,银华心质A,混合型,混合型-偏股,4.562567899452247,watch,-6.93,-12.45,4.9,47.8,2.2230739747029493,63.22234978951398,,False,False,True
018225.OF,大成策略回报C,混合型,混合型-偏股,2.272391020712846,watch,0.86,0.45,-7.28,45.0,75.45036412418551,2.7745885954841176,,False,False,True
017973.OF,易方达港股通优质增长A,混合型,混合型-偏股,4.23855655354353,watch,-6.91,-5.11,2.68,48.9,19.72019931008049,47.24454649827784,,False,False,True
017974.OF,易方达港股通优质增长C,混合型,混合型-偏股,132.22081079322984,watch,-6.94,-5.17,2.58,48.5,19.50939057110004,46.3260619977038,,False,False,True
017064.OF,申万菱信乐成C,混合型,混合型-偏股,3.061126849529525,watch,-7.67,-11.04,5.24,50.7,3.277117669605212,64.92537313432835,,False,False,True
017765.OF,大成均衡增长C,混合型,混合型-偏股,100.14016333616284,watch,-2.22,-6.29,8.74,64.8,15.350709083940206,79.27669345579793,,False,False,True
017993.OF,方正富邦远见成长A,混合型,混合型-偏股,2.875305626684336,watch,-12.14,-18.81,7.66,40.5,0.2299731697968599,75.83237657864524,,False,False,True
017994.OF,方正富邦远见成长C,混合型,混合型-偏股,3.488761162063743,watch,-12.18,-18.89,7.51,40.2,0.2108087389804502,75.27745885954842,,False,False,True
016701.OF,银华海外数字经济量化选股A,混合型,混合型-偏股,2.571938778190315,watch,-2.69,-6.36,-6.29,46.2,15.139900344959756,3.654802908534249,,False,False,True
017429.OF,嘉实全球创新龙头A,股票型,主动股票型,1.4289790091892496,watch,-6.3,-9.49,-9.49,40.7,11.418685121107265,2.768166089965396,,False,False,True
017977.OF,信澳优享生活A,混合型,混合型-偏股,308.4748747567072,watch,-5.34,-7.04,5.87,52.9,12.955155231889616,68.98201301186376,,False,False,True
017978.OF,信澳优享生活C,混合型,混合型-偏股,3.651487006932879,watch,-5.38,-7.11,5.73,52.4,12.495208892295896,68.27401454267125,,False,False,True
018076.OF,光大健康优加C,混合型,混合型-偏股,1.445571000896219,watch,-7.65,-9.15,-7.54,35.3,7.033346109620542,2.544967470340609,,False,False,True
018082.OF,光大产业新动力C,灵活配置型,混合型-偏股,4.483180518021187,watch,-3.4,-9.76,1.61,55.1,6.976744186046513,34.672304439746306,82.27,False,False,True
015734.OF,红塔红土信息产业精选A,股票型,主动股票型,1.2053776312603854,watch,-2.25,-8.19,-0.77,51.0,18.166089965397923,22.6643598615917,,False,False,True
017915.OF,中海消费主题精选C,混合型,混合型-偏股,174.60674610377535,watch,-6.07,-6.54,-5.71,41.1,14.660789574549636,4.515882127822424,,False,False,True
017436.OF,华宝纳斯达克精选A,股票型,主动股票型,3.235439085199512,watch,-0.16,-3.74,-6.95,45.3,39.446366782006926,6.228373702422141,,False,False,True
017049.OF,富安达产业优选C,混合型,混合型-偏股,3.245435086445952,watch,-1.28,-10.13,-3.7,39.8,5.021080873898043,7.6731725985457295,,False,False,True
016378.OF,太平消费升级一年持有A,混合型,混合型-偏股,2.3584908718171147,watch,-6.72,-5.84,-1.88,50.3,16.80720582598697,11.538461538461542,,False,False,True
016379.OF,太平消费升级一年持有C,混合型,混合型-偏股,132.25491031393,watch,-6.76,-5.91,-2.0,50.0,16.692219241088534,11.25143513203215,,False,False,True
015857.OF,格林碳中和主题C,混合型,混合型-偏股,3.138533116421036,watch,-4.2,-8.28,4.19,49.3,9.237255653507091,58.66819747416763,,False,False,True
017627.OF,长城港股通价值精选多策略C,混合型,混合型-偏股,220.08459841667883,watch,-9.51,-10.88,-3.67,44.1,3.54541970103488,7.82625334864141,,False,False,True
017112.OF,嘉实优享生活A,混合型,混合型-偏股,4.338540438536486,watch,-7.03,-6.26,-7.29,39.5,15.42736680720582,2.7554535017221604,,False,False,True
017113.OF,嘉实优享生活C,混合型,混合型-偏股,2.453270707910946,watch,-7.06,-6.31,-7.37,39.3,15.25488692985818,2.659778032912364,,False,False,True
016762.OF,嘉合锦荣C,混合型,混合型-偏股,3.748092931006332,watch,-5.98,-14.04,-1.66,48.0,1.3031812955155209,12.0742441637964,,False,False,True
017628.OF,华商计算机行业量化C,股票型,主动股票型,1.0408841182435622,watch,-4.95,-11.56,5.01,46.2,4.6712802768166135,48.26989619377162,,False,False,True
015527.OF,弘毅远方汽车产业升级A,混合型,混合型-偏股,2.3490043636160696,watch,-0.12,-6.1,4.1,46.5,16.002299731697967,58.13241484883276,,False,False,True
016549.OF,永赢消费龙头智选A,混合型,混合型-偏股,107.95066390626202,watch,-10.08,-9.25,2.69,45.9,6.880030663089309,47.28281668580176,,False,False,True
017076.OF,宝盈半导体产业C,混合型,混合型-偏股,1.171960237057171,watch,-2.59,-9.48,-0.55,48.8,6.305097738597166,15.901262916188283,,False,False,True
017075.OF,宝盈半导体产业A,混合型,混合型-偏股,1.3749603983935066,watch,-2.56,-9.43,-0.45,48.9,6.515906477577616,16.494450822809036,,False,False,True
016384.OF,永赢消费鑫选6个月持有A,混合型,混合型-偏股,4.320367410179635,watch,-7.6,-8.14,-4.32,49.5,9.75469528555002,6.48679678530425,,False,False,True
017147.OF,嘉实积极配置一年持有A,混合型,混合型-偏股,3.0218202672248435,watch,-5.73,-7.03,-2.57,50.2,13.031812955155232,9.83543819364715,,False,False,True
015915.OF,永赢医药创新智选A,混合型,混合型-偏股,1.2321648894453836,watch,-7.23,-9.13,-6.98,33.7,7.110003832886158,3.0233448143895947,,False,False,True
016288.OF,大成消费机遇C,混合型,混合型-偏股,2.7596063262332207,watch,-6.37,-7.14,-3.76,47.1,12.39938673821388,7.59663222349789,,False,False,True
017353.OF,工银养老2050五年持有Y,混合型,混合型-偏股,4.4095773270081375,watch,-6.91,-9.27,-0.81,51.9,6.841701801456502,14.772292384232689,,False,False,True
015289.OF,格林高股息优选A,混合型,混合型-偏股,2.702271723699556,watch,-5.1,-6.73,0.29,53.6,14.105021080873904,21.373899732108693,,False,False,True
015290.OF,格林高股息优选C,混合型,混合型-偏股,1.6449021338482224,watch,-5.13,-6.77,0.21,53.3,13.93254120352626,20.723306544202067,,False,False,True
016981.OF,银河核心优势C,混合型,混合型-偏股,100.82897349892929,watch,-6.46,-7.26,13.6,56.9,12.131084706784211,91.2743972445465,,False,False,True
016157.OF,汇添富数字经济核心产业一年持有A,混合型,混合型-偏股,3.285121510460894,watch,-4.91,-9.47,-5.97,44.4,6.362591031046383,4.190585533869118,,False,False,True
015217.OF,鹏扬成长领航A,混合型,混合型-偏股,3.828042167598535,watch,-1.37,-9.11,-0.21,54.3,7.167497125335376,17.795637198622273,,False,False,True
016064.OF,建信智远先锋A,混合型,混合型-偏股,3.7596825676471175,watch,-2.76,-1.29,-3.69,50.6,47.48945956305097,7.74971297359357,,False,False,True
016065.OF,建信智远先锋C,混合型,混合型-偏股,3.052622679846728,watch,-2.78,-1.33,-3.76,50.5,46.87619777692602,7.539226942212018,,False,False,True
016165.OF,汇添富优势企业精选A,混合型,混合型-偏股,1.608314576004809,watch,-4.26,-9.77,-11.13,41.4,5.691835952472212,0.6123230003826974,,False,False,True
016173.OF,汇添富优势企业精选C,混合型,混合型-偏股,1.4152822802731069,watch,-4.3,-9.82,-11.22,41.4,5.538520505940969,0.574052812858783,,False,False,True
016265.OF,中信建投趋势领航两年持有A,混合型,混合型-偏股,126.96493741979543,watch,-2.16,-5.99,6.44,60.6,16.500574932924494,71.29735935706086,,False,False,True
016345.OF,长安行业成长A,混合型,混合型-偏股,106.55230297749804,watch,-5.14,-6.13,3.09,45.8,15.90647757761594,50.99502487562189,,False,False,True
015636.OF,汇安价值先锋C,混合型,混合型-偏股,1.6173832525133085,watch,-2.6,-6.34,-0.19,51.7,15.178229206592563,17.910447761194025,,False,False,True
016346.OF,长安行业成长C,混合型,混合型-偏股,3.5650058361596315,watch,-5.18,-6.19,2.98,45.4,15.657339977002682,49.84691924990432,,False,False,True
016073.OF,创金合信软件产业A,股票型,主动股票型,3.8288122825642863,watch,-10.54,-18.29,-0.85,46.0,0.34602076124568,22.491349480968857,,False,False,True
016590.OF,富国汽车智选A,混合型,混合型-偏股,3.9332186,watch,-2.82,-9.06,-1.51,45.1,7.339977002683018,12.476081132797546,,False,False,True
016163.OF,万家欣远A,混合型,混合型-偏股,163.7052052501547,watch,-6.15,-7.68,-2.87,51.5,11.019547719432731,8.955223880597018,,False,False,True
016164.OF,万家欣远C,混合型,混合型-偏股,4.57469169117529,watch,-6.17,-7.73,-2.96,51.5,10.904561134534308,8.802143130501339,,False,False,True
013363.OF,大成中国优势A,混合型,混合型-偏股,142.05788776730105,watch,-7.44,-6.98,-3.07,46.4,13.26178612495209,8.591657099119788,,False,False,True
016455.OF,诺安均衡优选一年持有C,混合型,混合型-偏股,132.93548862899593,watch,-3.17,-5.1,-0.83,54.4,19.796857033346104,14.657481821660925,,False,False,True
015505.OF,中邮专精特新一年持有A,混合型,混合型-偏股,2.07099127,watch,-2.11,-6.04,6.96,56.1,16.328095055576853,73.19173363949483,,False,False,True
016092.OF,汇泉匠心智选一年持有C,混合型,混合型-偏股,3.098102379135328,watch,-2.41,-5.71,0.16,55.3,17.43963204292832,20.26406429391504,,False,False,True
015034.OF,泰信优势领航A,混合型,混合型-偏股,143.10325453735388,watch,-11.55,-17.87,-1.32,44.6,0.3832886163280924,12.954458476846542,,False,False,True
016307.OF,景顺长城北交所精选两年定开A,混合型,混合型-偏股,4.689526033850671,watch,-9.31,-10.97,1.94,37.9,3.411268685320046,40.75774971297359,,False,False,True
016293.OF,华安核心优选C,混合型,混合型-偏股,3.343936506054473,watch,-4.4,-5.08,1.25,55.5,19.91184361824454,32.79755070799847,,False,False,True
015732.OF,尚正新能源产业A,混合型,混合型-偏股,3.209463215534468,watch,-6.74,-8.67,3.08,46.9,8.240705251054049,50.91848450057406,,False,False,True
015733.OF,尚正新能源产业C,混合型,混合型-偏股,1.856269241973458,watch,-6.78,-8.73,2.96,46.6,8.049060942889996,49.61729812476081,,False,False,True
014409.OF,创金合信兴选产业趋势C,混合型,混合型-偏股,3.3889430283252717,watch,-10.84,-14.88,4.3,48.6,1.0540436949022625,59.433601224646,,False,False,True
015100.OF,华泰柏瑞低碳经济智选A,混合型,混合型-偏股,2.8081502049755067,watch,-4.39,-10.29,6.97,51.2,4.733614411651976,73.30654420206659,,False,False,True
014408.OF,创金合信兴选产业趋势A,混合型,混合型-偏股,2.580003743122337,watch,-10.8,-14.82,4.57,49.2,1.0923725565350706,61.42365097588978,,False,False,True
015135.OF,工银专精特新A,混合型,混合型-偏股,3.788406167511694,watch,-1.5,-6.77,6.55,56.3,13.913376772709851,71.92881745120552,,False,False,True
016029.OF,湘财成长优选一年持有A,混合型,混合型-偏股,4.715810228789382,watch,-1.41,-10.31,3.82,49.8,4.695285550019168,56.295445847684654,,False,False,True
011629.OF,银河核心优势A,混合型,混合型-偏股,1.1344292950722423,watch,-6.43,-7.22,13.68,57.0,12.226906860866226,91.4657481821661,,False,False,True
014958.OF,华富消费成长C,股票型,主动股票型,118.78562763364648,watch,-5.8,-8.65,-1.7,53.2,15.743944636678195,19.8961937716263,,False,False,True
014590.OF,招商成长先导C,股票型,主动股票型,1.9129339859773973,watch,-7.37,-8.04,-5.99,43.5,19.204152249134943,8.996539792387548,,False,False,True
016131.OF,国泰海通品质生活C,混合型,混合型-偏股,3.713781571253652,watch,-8.95,-7.42,-4.3,47.7,11.72863165963971,6.525066972828164,,False,False,True
016130.OF,国泰海通品质生活A,混合型,混合型-偏股,4.60341750555707,watch,-8.93,-7.38,-4.22,47.8,11.843618244538137,6.639877535399918,,False,False,True
016018.OF,银河康乐C,股票型,主动股票型,596.8772993332686,watch,-4.94,-8.8,11.32,66.8,14.53287197231834,80.79584775086505,,False,False,True
015828.OF,永赢新能源智选A,混合型,混合型-偏股,4.509401648057231,watch,-12.56,-19.23,6.17,40.2,0.1149865848984244,70.03444316877152,,False,False,True
014754.OF,华安景气优选A,混合型,混合型-偏股,3.76406458,watch,-7.06,-7.84,-0.7,48.8,10.63625910310464,15.135859165709908,,False,False,True
015373.OF,浙商智选新兴产业A,混合型,混合型-偏股,2.6713979486144908,watch,-1.0,-5.41,1.79,57.6,18.58949789191261,38.97818599311137,,False,False,True
014667.OF,工银优质发展C,混合型,混合型-偏股,2.942216856791672,watch,-3.18,-5.07,-1.77,52.8,19.96933691069376,11.863758132414848,,False,False,True
015589.OF,国泰金马稳健回报C,平衡型,混合型-平衡,3.803230691646,watch,-5.79,-12.19,-0.45,43.7,3.382663847780132,15.433403805496829,,False,False,True
015667.OF,银河文体娱乐主题C,灵活配置型,混合型-偏股,2.3488086563908914,watch,-15.11,-15.21,-1.07,41.4,0.8456659619450302,13.530655391120504,76.48249999999999,False,False,True
015751.OF,景顺长城品质长青C,混合型,混合型-偏股,2.181947491149768,watch,-4.92,-8.75,-8.57,40.8,8.010732081257188,1.49253731343284,,False,False,True
014972.OF,华安沪港深外延增长C,灵活配置型,混合型-平衡,4.724651459956662,watch,-6.89,-7.94,-1.23,48.4,10.993657505285414,13.107822410147996,59.105000000000004,False,False,True
015614.OF,华宝价值发现C,混合型,混合型-偏股,2.297298092092813,watch,-7.85,-7.06,-3.87,50.3,12.85933307780759,7.290470723306541,,False,False,True
015562.OF,长城医疗保健C,混合型,混合型-偏股,2.25200738280115,watch,-3.07,-3.81,-4.51,38.7,26.6002299731698,6.161500191350933,,False,False,True
014264.OF,鑫元长三角区域主题C,混合型,混合型-偏股,2.625215837666275,watch,-3.47,-5.92,6.81,61.4,16.653890379455728,72.71335629544583,,False,False,True
014016.OF,中信建投品质优选一年持有A,混合型,混合型-偏股,1.20252071,watch,-2.47,-5.94,6.54,61.2,16.577232656190112,71.83314198239572,,False,False,True
015436.OF,建信优化配置C,混合型,混合型-偏股,2.362617144341697,watch,-0.61,-2.04,-3.61,51.6,40.05366040628593,7.90279372368925,,False,False,True
014708.OF,天弘臻选健康A,混合型,混合型-偏股,3.73597283434632,watch,-7.32,-8.57,-1.16,50.8,8.547336144116525,13.471106008419442,,False,False,True
015365.OF,中银动态策略C,混合型,混合型-偏股,1.320207237142201,watch,-2.37,-5.11,0.21,55.5,19.7393637408969,20.589360887868345,,False,False,True
015005.OF,中邮能源革新C,混合型,混合型-偏股,1.9249466330431533,watch,-3.54,-10.27,8.14,53.5,4.752778842468375,77.13356295445848,,False,False,True
015187.OF,汇添富消费升级C,混合型,混合型-偏股,3.259766248150868,watch,-7.53,-8.02,-7.36,45.1,10.099655040245302,2.6789131266743205,,False,False,True
015203.OF,汇添富全球移动互联D,灵活配置型,混合型-平衡,3.531256333564094,watch,-1.87,-4.03,-4.51,47.6,25.58139534883721,6.131078224101483,,False,False,True
015208.OF,信澳健康中国C,灵活配置型,混合型-偏股,4.792988966562255,watch,-6.0,-11.29,-1.46,49.8,4.651162790697672,12.684989429175475,61.33500000000001,False,False,True
015010.OF,嘉合锦鑫A,混合型,混合型-偏股,4.233779498022937,watch,-1.92,-10.7,8.82,55.9,3.928708317362972,79.52544967470341,,False,False,True
015119.OF,汇添富沪港深大盘价值D,混合型,混合型-偏股,3.8049678293356415,watch,-8.05,-10.1,-3.96,42.9,5.078574166347261,7.060849598163033,,False,False,True
014989.OF,国泰新经济C,灵活配置型,混合型-偏股,3.154201100296872,watch,-3.04,-10.56,-4.06,43.1,5.496828752642702,6.976744186046513,75.9425,False,False,True
015122.OF,汇添富医疗服务D,灵活配置型,混合型-偏股,1.3083880377798118,watch,-5.89,-6.88,-8.95,35.6,14.164904862579286,1.0570824524312905,80.1325,False,False,True
014872.OF,嘉实品质蓝筹一年持有A,混合型,混合型-偏股,113.06658849519395,watch,-6.12,-8.88,1.12,56.0,7.799923342276738,31.037122081898204,,False,False,True
014840.OF,招商裕华,混合型,混合型-偏股,1.398450235633932,watch,-2.51,-5.79,0.44,52.4,17.05634342660023,22.598545732874086,,False,False,True
014651.OF,大成专精特新A,混合型,混合型-偏股,4.198287005053194,watch,-3.77,-12.29,4.71,54.4,2.414718282867001,62.28473019517795,,False,False,True
013937.OF,广发睿升C,混合型,混合型-偏股,3.172460633581073,watch,-0.85,-5.1,-2.24,49.5,19.777692602529704,10.715652506697282,,False,False,True
014933.OF,南方医药保健C,灵活配置型,混合型-偏股,2.3862215695116142,watch,-4.98,-6.14,-5.06,41.8,16.067653276955607,4.439746300211411,70.17,False,False,True
014235.OF,淳厚时代优选A,混合型,混合型-偏股,1.0766362873078823,watch,-4.06,-5.73,-0.58,52.6,17.362974319662705,15.748182166092615,,False,False,True
014404.OF,中欧多元价值三年持有A,混合型,混合型-偏股,3.8194045397355993,watch,-4.85,-3.11,-4.3,49.4,31.046377922575697,6.56333716035209,,False,False,True
013349.OF,创金合信大健康C,混合型,混合型-偏股,2.052650740614496,watch,-4.82,-8.02,-6.99,35.2,10.080490609428905,3.0042097206276264,,False,False,True
014929.OF,民生加银创新成长C,混合型,混合型-偏股,1.949160119981045,watch,-6.94,-9.82,-1.17,49.9,5.5768493675737885,13.394565633371602,,False,False,True
014377.OF,东吴新能源汽车C,股票型,主动股票型,1.7906047977190749,watch,-2.03,-9.73,-5.07,44.3,9.861591695501726,10.899653979238757,,False,False,True
014472.OF,景顺长城远见成长A,混合型,混合型-偏股,1.4995290326426107,watch,-2.24,-6.53,-2.17,44.1,14.718282866998855,10.81132797550708,,False,False,True
014261.OF,摩根沃享远见一年持有A,混合型,混合型-偏股,1.659804627756547,watch,-0.25,-4.39,-6.97,41.7,23.68723648907628,3.042479908151552,,False,False,True
014200.OF,建信沃信一年持有C,混合型,混合型-偏股,4.528837569893971,watch,-2.63,-5.09,-5.51,44.6,19.854350325795323,4.936854190585538,,False,False,True
014211.OF,国投瑞银竞争优势C,混合型,混合型-偏股,3.285288789307512,watch,-2.66,-5.09,2.9,52.2,19.835185894978924,49.06238040566399,,False,False,True
014113.OF,上银未来生活C,灵活配置型,混合型-偏股,4.798008957830685,watch,-7.63,-11.34,-3.15,47.4,4.228329809725162,7.822410147991543,60.825,False,False,True
014300.OF,宏利先进制造C,股票型,主动股票型,2.389248669249109,watch,-2.28,-10.9,1.84,52.4,5.536332179930792,32.00692041522492,,False,False,True
014640.OF,兴全合衡三年持有C,混合型,混合型-偏股,4.133788674186562,watch,-4.87,-6.82,0.57,55.3,13.740896895362209,24.110218140068884,,False,False,True
014299.OF,宏利先进制造A,股票型,主动股票型,3.830364292835155,watch,-2.26,-10.87,1.9,42.6,6.055363321799312,32.52595155709342,,False,False,True
014074.OF,嘉实内需精选A,混合型,混合型-偏股,3.34887262,watch,-7.6,-6.88,-7.71,39.0,13.625910310463784,2.372751626482972,,False,False,True
013009.OF,万家港股通精选A,混合型,混合型-偏股,4.422968846683229,watch,-8.14,-9.04,-2.77,50.0,7.397470295132235,9.22311519326444,,False,False,True
014505.OF,中银收益C,混合型,混合型-偏股,2.390917817683812,watch,-0.97,-12.13,-5.42,47.4,2.548869298581835,5.089934940681207,,False,False,True
013073.OF,泰信医疗服务C,混合型,混合型-偏股,1.1923149541196032,watch,-5.62,-8.58,-9.31,31.5,8.528171713300114,1.2055109070034489,,False,False,True
013072.OF,泰信医疗服务A,混合型,混合型-偏股,4.246453213908558,watch,-5.59,-8.53,-9.22,31.6,8.681487159831358,1.224646000765406,,False,False,True
013550.OF,汇添富品牌价值一年持有A,混合型,混合型-偏股,1.56427797,watch,-8.34,-8.52,-6.56,43.8,8.700651590647757,3.386911595866815,,False,False,True
013956.OF,华商医药消费精选A,混合型,混合型-偏股,3.644715641722745,watch,-7.18,-8.49,-3.96,43.3,8.777309313913372,7.07998469192499,,False,False,True
013867.OF,汇安优势企业精选A,混合型,混合型-偏股,4.155367240871074,watch,-2.21,-6.91,4.7,54.5,13.510923725565348,62.24646000765404,,False,False,True
013852.OF,中信建投低碳成长C,混合型,混合型-偏股,4.956851558186675,watch,-2.09,-7.9,5.8,52.7,10.463779225756998,68.61844623038652,,False,False,True
014346.OF,银华消费主题C,混合型,混合型-偏股,108.27266154830536,watch,-8.07,-6.44,-7.84,39.0,14.967420467612111,2.2579410639112174,,False,False,True
014243.OF,富国新材料新能源C,混合型,混合型-偏股,4.78189425,watch,-8.15,-13.66,3.22,37.2,1.5714833269451889,51.85610409491006,,False,False,True
013386.OF,信澳优势价值C,混合型,混合型-偏股,1.9080374180820057,watch,1.61,-11.81,5.76,54.0,2.7596780375622854,68.40796019900498,,False,False,True
014042.OF,银华心诚C,灵活配置型,混合型-平衡,3.4344980586551306,watch,-8.11,-9.79,-7.82,42.9,6.553911205073993,2.114164904862581,59.815,False,False,True
014280.OF,汇添富北交所创新精选两年定开C,混合型,混合型-偏股,3.700843618634549,watch,-10.19,-10.8,2.5,41.0,3.737064009198932,45.65633371603521,,False,False,True
014277.OF,万家北交所慧选两年定开A,混合型,混合型-偏股,2.1506146450574404,watch,3.87,5.18,-18.61,26.9,95.24722115753164,0.0382701875239144,,False,False,True
014271.OF,大成北交所两年定开A,混合型,混合型-偏股,214.01506108441865,watch,-5.41,-10.18,-0.53,48.2,4.906094288999618,16.016073478760052,,False,False,True
012523.OF,国联高质量成长A,混合型,混合型-偏股,3.4717357947655545,watch,-6.83,-11.65,-10.46,40.9,2.970486776542736,0.8419441255262172,,False,False,True
014043.OF,银华心怡C,灵活配置型,混合型-平衡,2.653824170939449,watch,-7.6,-9.59,-7.97,42.9,7.3995771670190225,1.9027484143763207,59.589999999999996,False,False,True
013962.OF,华夏创新视野一年持有A,混合型,混合型-偏股,2.9456590505109363,watch,-5.29,-6.72,4.58,55.8,14.143349942506712,61.50019135093763,,False,False,True
012893.OF,安信优质企业三年持有C,混合型,混合型-偏股,332.3741500852061,watch,-4.49,-5.79,-2.26,48.8,17.03717899578383,10.6582472254114,,False,False,True
013465.OF,博时智选量化多因子A,股票型,主动股票型,1.229269056835647,watch,-4.76,-10.89,-0.2,48.4,5.709342560553631,24.394463667820062,,False,False,True
013850.OF,同泰优选配置3个月持有C,混合型,混合型-偏股,4.90120792713081,watch,-4.29,-7.65,2.75,51.9,11.134534304331156,47.74205893608878,,False,False,True
013381.OF,中欧甄选3个月持有A,混合型,混合型-偏股,259.51425936021343,watch,-6.14,-5.52,-2.46,51.0,18.263702568033725,10.084194412552616,,False,False,True
013393.OF,信澳价值精选A,混合型,混合型-偏股,2.4397937685605924,watch,1.74,-11.5,6.06,55.0,3.047144499808352,69.72828166858018,,False,False,True
013289.OF,工银食品饮料行业A,混合型,混合型-偏股,4.825303580878923,watch,-5.02,-4.61,-4.82,48.4,22.63319279417402,5.625717566016075,,False,False,True
011969.OF,建信港股通精选A,混合型,混合型-偏股,2.270307153338227,watch,-6.16,-6.17,-4.35,44.0,15.7339977002683,6.429391504018367,,False,False,True
013024.OF,平安均衡优选1年持有C,混合型,混合型-偏股,3.94576996286212,watch,-4.47,-5.71,1.1,59.0,17.535454197010345,30.788365862992727,,False,False,True
012972.OF,东吴消费成长C,混合型,混合型-偏股,2.769275135151379,watch,-7.74,-7.13,-6.21,40.7,12.41855116903028,3.846153846153844,,False,False,True
012407.OF,永赢长远价值C,混合型,混合型-偏股,215.5589195370165,watch,-2.38,-5.4,5.43,61.6,18.608662322729018,66.45618063528511,,False,False,True
012406.OF,永赢长远价值A,混合型,混合型-偏股,1.5988346210665956,watch,-2.37,-5.38,5.48,61.7,18.72364890762744,66.78147722923842,,False,False,True
012144.OF,新沃内需增长C,混合型,混合型-偏股,2.829508537850044,watch,-2.97,-10.01,-2.32,48.5,5.212725182062094,10.428626100267891,,False,False,True
013220.OF,中欧新兴价值一年持有A,混合型,混合型-偏股,198.2656834856198,watch,-4.98,-3.31,-4.78,48.7,29.743196627060176,5.683122847301947,,False,False,True
012988.OF,嘉合锦明C,混合型,混合型-偏股,2.2589780494041607,watch,-3.37,-12.75,2.74,44.9,1.9547719432732813,47.62724837351703,,False,False,True
012690.OF,广发消费领先A,混合型,混合型-偏股,3.69060812545783,watch,-6.67,-8.14,-0.51,51.2,9.793024147182829,16.16915422885572,,False,False,True
011978.OF,格林研究优选C,混合型,混合型-偏股,4.411782656370922,watch,-2.35,-5.34,2.97,52.7,18.87696435415868,49.78951396861845,,False,False,True
011876.OF,景顺长城医疗健康A,混合型,混合型-偏股,2.50764203,watch,-5.65,-7.66,-6.28,33.0,11.11536987351476,3.673938002296208,,False,False,True
012068.OF,嘉实蓝筹优势C,混合型,混合型-偏股,3.5571450569563754,watch,-6.34,-6.82,-2.49,49.7,13.760061326178608,10.026789131266744,,False,False,True
012067.OF,嘉实蓝筹优势A,混合型,混合型-偏股,2.890005260622681,watch,-6.31,-6.76,-2.37,49.9,14.028363357608276,10.29468044393418,,False,False,True
012064.OF,圆信永丰兴诺一年持有,灵活配置型,混合型-偏股,2.276486910386057,watch,-7.6,-12.43,0.1,50.6,2.748414376321351,17.97040169133193,74.14250000000001,False,False,True
012584.OF,南方中国新兴经济9个月持有A,混合型,混合型-偏股,4.566655614925979,watch,-6.98,-7.49,-0.98,48.2,11.53698735147566,14.102564102564108,,False,False,True
013224.OF,浦银安盛港股通量化优选C,灵活配置型,混合型-偏股,4.801604880810893,watch,-7.44,-14.49,-7.8,38.0,1.4799154334038,2.3255813953488413,76.79249999999999,False,False,True
011644.OF,嘉实时代先锋三年持有C,混合型,混合型-偏股,1.4973923626369223,watch,-6.6,-7.32,-3.23,48.7,12.035262552702186,8.362035973976267,,False,False,True
012672.OF,嘉实核心蓝筹C,混合型,混合型-偏股,4.112629481562703,watch,-6.2,-8.84,1.25,56.4,7.876581065542354,32.81668580176043,,False,False,True
012583.OF,交银品质增长一年持有C,混合型,混合型-偏股,1.3931262551000685,watch,-8.06,-6.37,-6.66,42.1,15.120735914143346,3.233830845771146,,False,False,True
011705.OF,东方阿尔法产业先锋C,混合型,混合型-偏股,2.019932303379566,watch,-4.58,-10.04,4.32,48.7,5.174396320429286,59.58668197474169,,False,False,True
011704.OF,东方阿尔法产业先锋A,混合型,混合型-偏股,3.155968630077704,watch,-4.56,-10.0,4.41,49.0,5.2318896128784935,60.31381553769614,,False,False,True
012542.OF,金鹰产业升级C,混合型,混合型-偏股,2.2405733719227805,watch,-4.37,-8.2,2.92,45.4,9.50555768493676,49.21546115575966,,False,False,True
013045.OF,富国内需增长C,混合型,混合型-偏股,1.938971391133009,watch,-7.13,-8.35,-7.87,39.0,9.122269068608658,2.181400688863377,,False,False,True
012096.OF,鑫元鑫动力A,混合型,混合型-偏股,1.1375127039975037,watch,-4.13,-9.34,-2.23,49.1,6.669221924108859,10.753922694221195,,False,False,True
012358.OF,汇丰晋信医疗先锋A,混合型,混合型-偏股,4.828614823655437,watch,-8.22,-9.05,-5.82,34.5,7.359141433499428,4.381936471488713,,False,False,True
012847.OF,诺安积极回报C,灵活配置型,混合型-偏股,2.411556324171757,watch,-4.54,-10.52,9.82,54.3,5.708245243128962,79.06976744186046,63.715,False,False,True
012428.OF,华夏核心制造A,混合型,混合型-偏股,148.29334702385722,watch,-5.32,-10.08,-5.2,43.0,5.116903027980069,5.319556065824727,,False,False,True
012210.OF,申万菱信智能汽车A,股票型,主动股票型,2.45719822,watch,-5.25,-12.07,-4.95,45.3,3.979238754325265,11.591695501730104,,False,False,True
011373.OF,招商前沿医疗保健A,股票型,主动股票型,2.3200272181464463,watch,-7.63,-10.38,-0.1,49.5,7.785467128027679,25.086505190311414,,False,False,True
011276.OF,交银成长动力一年持有C,混合型,混合型-偏股,2.776198408805679,watch,-9.27,-9.83,-6.22,42.2,5.519356075124571,3.788748564867972,,False,False,True
011331.OF,鹏华远见成长A,混合型,混合型-偏股,2.416179431904005,watch,-4.93,-7.76,3.13,50.1,10.847067842085089,51.18637581324148,,False,False,True
012200.OF,新华鑫科技3个月滚动持有A,灵活配置型,混合型-偏股,1.440112568916621,watch,-3.48,-9.75,11.37,57.7,7.188160676532773,84.14376321353065,73.345,False,False,True
011599.OF,国联安匠心科技1个月滚动持有,混合型,混合型-偏股,243.9341109420396,watch,-1.29,-6.88,11.56,55.7,13.645074741280183,86.85419058553387,,False,False,True
011418.OF,汇添富消费精选两年持有A,股票型,主动股票型,2.6597598427297204,watch,-5.64,-5.71,-6.72,46.6,29.23875432525952,6.747404844290661,,False,False,True
011419.OF,汇添富消费精选两年持有C,股票型,主动股票型,1.498163357133191,watch,-5.66,-5.76,-6.78,46.4,28.20069204152249,6.57439446366782,,False,False,True
011927.OF,博时汇誉回报A,灵活配置型,混合型-偏股,2.835540685354986,watch,-0.72,-0.54,-4.56,42.9,53.06553911205074,5.708245243128962,79.53750000000001,False,False,True
011856.OF,安信均衡成长18个月持有A,混合型,混合型-偏股,117.46311008159694,watch,-4.72,-4.37,-3.51,46.8,23.802223073974705,8.075009567546875,,False,False,True
004658.OF,金鹰民富收益C,混合型,混合型-偏股,312.19658742437986,watch,-0.81,-3.17,-2.66,48.1,30.452280567267152,9.54841178721776,,False,False,True
011598.OF,信澳医药健康A,混合型,混合型-偏股,4.436270481235993,watch,-8.45,-8.52,4.16,53.4,8.719816021464165,58.41944125526215,,False,False,True
011002.OF,同泰大健康主题A,混合型,混合型-偏股,2.7188679327920524,watch,-2.06,-5.77,-7.84,32.1,17.133001149865844,2.238805970149249,,False,False,True
010676.OF,光大新机遇A,混合型,混合型-偏股,2.3212131020721656,watch,-7.24,-13.03,0.46,52.7,1.8206209275584475,22.80903176425565,,False,False,True
011601.OF,前海开源公共卫生主题精选A,股票型,主动股票型,4.084608541234672,watch,-7.07,-8.7,-3.71,41.3,15.22491349480969,14.18685121107266,,False,False,True
011827.OF,汇添富健康生活一年持有C,混合型,混合型-偏股,1.748291916229375,watch,-7.98,-7.46,-8.66,32.6,11.556151782292067,1.4351320321469574,,False,False,True
011826.OF,汇添富健康生活一年持有A,混合型,混合型-偏股,2.0656964869958707,watch,-7.95,-7.41,-8.58,32.6,11.74779609045611,1.4734022196708718,,False,False,True
011871.OF,前海开源沪港深优势精选C,灵活配置型,混合型-偏股,4.477111936526405,watch,-6.35,-10.83,-5.51,45.9,5.073995771670193,3.8054968287526414,88.0075,False,False,True
011550.OF,湘财创新成长一年持有A,混合型,混合型-偏股,2.273012140826016,watch,-2.15,-7.04,5.37,54.0,12.974319662706012,65.82472254114045,,False,False,True
011502.OF,方正富邦汇福一年定开C,灵活配置型,混合型-偏股,1.9653215081397264,watch,-1.99,-5.49,3.12,55.6,17.758985200845668,45.45454545454546,77.46,False,False,True
011160.OF,富国质量成长6个月持有A,混合型,混合型-偏股,4.1694406452215365,watch,0.1,-6.24,1.44,48.9,15.48486009965504,34.78760045924225,,False,False,True
010912.OF,国泰成长价值A,混合型,混合型-偏股,1.286429350595249,watch,-4.17,-12.08,-2.94,44.7,2.5680337293982336,8.859548411787221,,False,False,True
010732.OF,广发创新医疗两年持有C,混合型,混合型-偏股,3.8188820822268736,watch,-6.67,-8.65,8.85,53.8,8.279034112686857,79.67853042479909,,False,False,True
011153.OF,华宝新兴消费A,混合型,混合型-偏股,2.026464449775345,watch,-5.92,-4.0,-7.86,41.0,25.69950172479878,2.219670876387292,,False,False,True
011487.OF,博时创新精选C,混合型,混合型-偏股,3.6767597796254954,watch,-0.43,-6.49,0.83,46.0,14.81410502108087,27.40145426712592,,False,False,True
011567.OF,富国消费升级C,混合型,混合型-偏股,3.199844996760949,watch,-4.12,-5.74,0.09,54.4,17.26715216558068,19.651741293532343,,False,False,True
011466.OF,兴业医疗保健A,混合型,混合型-偏股,3.78215874,watch,-4.52,-5.47,1.7,57.4,18.35952472211575,37.88748564867967,,False,False,True
011173.OF,银华心享一年持有,混合型,混合型-偏股,1.9980249422789125,watch,-5.2,-5.08,-1.8,50.1,19.873514756611733,11.748947569843091,,False,False,True
